"Time (s)","Acceleration x (m/s^2)","Acceleration y (m/s^2)","Acceleration z (m/s^2)"
1.947021500E-2,1.197100803E-2,-1.149216816E-1,9.612719536E0
2.703857420E-1,3.351882473E-2,-1.173158810E-1,9.607931137E0
5.215454100E-1,2.633621916E-2,-1.268926859E-1,9.615114212E0
7.726440430E-1,1.915361360E-2,-1.149216816E-1,9.595960617E0
1.023620605E0,3.351882473E-2,-1.244984865E-1,9.612719536E0
1.274841308E0,2.394201607E-2,-1.173158810E-1,9.603142738E0
1.525970459E0,2.154781483E-2,-1.125274822E-1,9.615114212E0
1.777008056E0,1.675941236E-2,-1.292868853E-1,9.619902611E0
2.028228760E0,1.675941236E-2,-1.221042871E-1,9.610325813E0
2.279235840E0,2.154781483E-2,-1.197100878E-1,9.612719536E0
2.530334472E0,1.915361360E-2,-1.173158810E-1,9.619902611E0
2.781402588E0,2.394201607E-2,-1.173158810E-1,9.622296333E0
3.032562256E0,2.633621916E-2,-1.197100878E-1,9.622296333E0
3.283721924E0,1.915361360E-2,-1.221042871E-1,9.612719536E0
3.534942627E0,2.633621916E-2,-1.244984865E-1,9.610325813E0
3.786163330E0,2.633621916E-2,-1.173158810E-1,9.605537415E0
4.037292480E0,2.633621916E-2,-1.149216816E-1,9.612719536E0
4.288513183E0,2.154781483E-2,-1.197100878E-1,9.622296333E0
4.539825439E0,1.197100803E-2,-1.077390760E-1,9.605537415E0
4.791076660E0,2.154781483E-2,-1.173158810E-1,9.622296333E0
5.042053222E0,1.915361360E-2,-1.149216816E-1,9.605537415E0
5.293029785E0,3.830722719E-2,-1.292868853E-1,9.605537415E0
5.544128418E0,2.394201607E-2,-1.101332754E-1,9.615114212E0
5.795135498E0,3.351882473E-2,-1.053448766E-1,9.600749016E0
6.046325683E0,-7.182605099E-3,-1.125274822E-1,9.610325813E0
6.297302246E0,2.154781483E-2,-1.221042871E-1,9.653421402E0
6.548492431E0,4.788403213E-2,-1.005564705E-1,9.595960617E0
6.799652099E0,4.070143029E-2,-9.816227108E-2,9.600749016E0
7.051147461E0,2.394201607E-2,-1.268926859E-1,9.634267807E0
7.302246094E0,0.000000000E0,-1.149216816E-1,9.636661530E0
7.553253174E0,-1.436521020E-2,-1.125274822E-1,9.627084732E0
7.804626465E0,7.182605099E-3,-1.316810995E-1,9.598354340E0
8.055906472E0,2.633621916E-2,-1.221042871E-1,9.619902611E0
8.307005104E0,7.182605099E-3,-1.053448766E-1,9.619902611E0
8.558134255E0,4.788403399E-3,-1.005564705E-1,9.557653427E0
8.809202370E0,3.112462163E-2,-1.077390760E-1,9.595960617E0
9.060514626E0,3.351882473E-2,-9.576806426E-2,9.605537415E0
9.311826882E0,7.182605099E-3,-9.337386489E-2,9.639056206E0
9.563047585E0,2.394201700E-3,-1.221042871E-1,9.660603523E0
9.813993630E0,3.591302410E-2,-1.316810995E-1,9.612719536E0
1.006515330E1,3.351882473E-2,-1.005564705E-1,9.598354340E0
1.031625193E1,2.154781483E-2,-1.029506698E-1,9.612719536E0
1.056722849E1,2.394201607E-2,-1.029506698E-1,9.624691010E0
1.081835764E1,2.633621916E-2,-1.244984865E-1,9.600749016E0
1.106942576E1,1.436521020E-2,-1.101332754E-1,9.631873131E0
1.132058543E1,0.000000000E0,-1.316810995E-1,9.548076630E0
1.157162302E1,1.197100803E-2,-1.005564705E-1,9.617507935E0
1.182247752E1,9.576806799E-3,-1.125274822E-1,9.588777542E0
1.207345408E1,1.436521020E-2,-1.268926859E-1,9.543288231E0
1.232443064E1,1.915361360E-2,-1.077390760E-1,9.612719536E0
1.257559031E1,5.506663769E-2,-6.703764945E-2,9.861717224E0
1.282656687E1,4.548983276E-2,-1.197100878E-1,9.624691010E0
1.307757395E1,4.548983276E-2,-1.125274822E-1,9.756371498E0
1.332861155E1,4.548983276E-2,-9.576806426E-2,9.703699112E0
1.357977122E1,3.591302410E-2,-1.292868853E-1,9.603142738E0
1.383086985E1,4.309562966E-2,-9.816227108E-2,9.703699112E0
1.408221262E1,3.351882473E-2,-9.097966552E-2,9.607931137E0
1.433334177E1,4.548983276E-2,-1.053448766E-1,9.603142738E0
1.458447093E1,4.788403399E-3,-1.101332754E-1,9.617507935E0
1.483553904E1,-2.394201700E-3,-9.816227108E-2,9.569623947E0
1.508669871E1,1.197100803E-2,-1.292868853E-1,9.583989143E0
1.533785838E1,4.070143029E-2,-1.173158810E-1,9.619902611E0
1.558910960E1,1.675941236E-2,-1.149216816E-1,9.634267807E0
1.584020823E1,4.788403399E-3,-1.149216816E-1,9.603142738E0
1.609142893E1,1.675941236E-2,-1.053448766E-1,9.612719536E0
1.634258860E1,3.830722719E-2,-1.101332754E-1,9.605537415E0
1.659374827E1,3.112462163E-2,-1.101332754E-1,9.605537415E0
1.684478587E1,3.591302410E-2,-1.244984865E-1,9.612719536E0
1.709612864E1,2.394201607E-2,-1.244984865E-1,9.610325813E0
1.734734934E1,1.915361360E-2,-1.149216816E-1,9.607931137E0
1.759847849E1,1.915361360E-2,-1.316810995E-1,9.610325813E0
1.784957713E1,0.000000000E0,-1.173158810E-1,9.653421402E0
1.810061472E1,3.830722719E-2,-1.005564705E-1,9.593565941E0
1.835189646E1,2.633621916E-2,-1.125274822E-1,9.610325813E0
1.860278147E1,9.576806799E-3,-8.379705995E-2,9.612719536E0
1.885391062E1,2.633621916E-2,-1.053448766E-1,9.595960617E0
1.910516184E1,5.267243832E-2,-1.244984865E-1,9.607931137E0
1.935629099E1,2.633621916E-2,-1.149216816E-1,9.619902611E0
1.960748118E1,3.830722719E-2,-1.053448766E-1,9.612719536E0
1.985857981E1,3.591302410E-2,-1.268926859E-1,9.612719536E0
2.010977000E1,3.351882473E-2,-1.244984865E-1,9.619902611E0
2.036089915E1,4.548983276E-2,-1.149216816E-1,9.670180321E0
2.061211985E1,2.633621916E-2,-9.576806426E-2,9.751583099E0
2.086318797E1,1.675941236E-2,-1.173158810E-1,9.631873131E0
2.111425608E1,2.633621916E-2,-8.379705995E-2,9.591172218E0
2.136541575E1,1.675941236E-2,-1.292868853E-1,9.612719536E0
2.161672801E1,2.154781483E-2,-9.337386489E-2,9.619902611E0
2.186794871E1,2.873042040E-2,-9.097966552E-2,9.646238327E0
2.211901682E1,1.675941236E-2,-1.101332754E-1,9.672574997E0
2.237026804E1,-4.788403399E-3,-1.101332754E-1,9.631873131E0
2.262142771E1,9.576806799E-3,-1.101332754E-1,9.603142738E0
2.287273997E1,7.182605099E-3,-1.508347094E-1,9.593565941E0
2.312386912E1,-3.591302410E-2,-1.292868853E-1,9.612719536E0
2.337505930E1,-1.915361360E-2,-1.268926859E-1,9.533711433E0
2.362600535E1,2.633621916E-2,-1.292868853E-1,9.612719536E0
2.387710398E1,1.436521020E-2,-1.173158810E-1,9.677363396E0
2.412850779E1,-4.788403399E-3,-1.173158810E-1,9.610325813E0
2.437972849E1,1.436521020E-2,-1.221042871E-1,9.579200745E0
2.463101023E1,2.394201607E-2,-1.221042871E-1,9.615114212E0
2.488223093E1,2.154781483E-2,-1.005564705E-1,9.536105156E0
2.513348216E1,4.070143029E-2,-1.077390760E-1,9.600749016E0
2.538470286E1,7.182605099E-3,-9.816227108E-2,9.562441826E0
2.563589304E1,3.112462163E-2,-1.005564705E-1,9.514557838E0
2.588686961E1,4.070143029E-2,-1.292868853E-1,9.658209801E0
2.613790720E1,9.576806799E-3,-1.053448766E-1,9.591172218E0
2.638909739E1,9.576806799E-3,-1.244984865E-1,9.622296333E0
2.664034861E1,4.070143029E-2,-1.125274822E-1,9.603142738E0
2.689132517E1,3.112462163E-2,-1.149216816E-1,9.605537415E0
2.714221018E1,3.591302410E-2,-6.703764945E-2,9.588777542E0
2.739352244E1,2.154781483E-2,-1.125274822E-1,9.598354340E0
2.764477366E1,3.351882473E-2,-1.053448766E-1,9.598354340E0
2.789590281E1,2.873042040E-2,-9.816227108E-2,9.612719536E0
2.814703196E1,3.591302410E-2,-1.077390760E-1,9.605537415E0
2.839819163E1,4.309562966E-2,-1.029506698E-1,9.600749016E0
2.864929026E1,2.873042040E-2,-1.149216816E-1,9.603142738E0
2.890060252E1,2.873042040E-2,-1.005564705E-1,9.605537415E0
2.915157908E1,1.675941236E-2,-1.149216816E-1,9.603142738E0
2.940261668E1,2.633621916E-2,-1.101332754E-1,9.605537415E0
2.965359324E1,2.633621916E-2,-1.053448766E-1,9.605537415E0
2.990481394E1,3.351882473E-2,-1.125274822E-1,9.617507935E0
3.015591258E1,2.394201607E-2,-1.029506698E-1,9.607931137E0
3.040698069E1,2.394201607E-2,-9.097966552E-2,9.605537415E0
3.065814036E1,2.873042040E-2,-1.101332754E-1,9.600749016E0
3.090930003E1,1.915361360E-2,-1.077390760E-1,9.603142738E0
3.116055125E1,2.154781483E-2,-1.029506698E-1,9.607931137E0
3.141177195E1,1.675941236E-2,-9.576806426E-2,9.624691010E0
3.166287058E1,2.633621916E-2,-1.149216816E-1,9.615114212E0
3.191421336E1,3.112462163E-2,-1.101332754E-1,9.603142738E0
3.216522044E1,3.112462163E-2,-1.005564705E-1,9.605537415E0
3.241656321E1,9.576806799E-3,-1.077390760E-1,9.607931137E0
3.266763132E1,2.394201607E-2,-1.029506698E-1,9.603142738E0
3.291869944E1,3.591302410E-2,-1.077390760E-1,9.612719536E0
3.316998118E1,3.112462163E-2,-1.077390760E-1,9.607931137E0
3.342120188E1,3.591302410E-2,-1.077390760E-1,9.612719536E0
3.367242258E1,2.873042040E-2,-1.053448766E-1,9.615114212E0
3.392364329E1,1.675941236E-2,-1.077390760E-1,9.607931137E0
3.417480296E1,3.830722719E-2,-1.077390760E-1,9.610325813E0
3.442596262E1,1.915361360E-2,-1.101332754E-1,9.612719536E0
3.467733592E1,2.394201607E-2,-1.077390760E-1,9.612719536E0
3.492849558E1,2.633621916E-2,-1.077390760E-1,9.617507935E0
3.517983836E1,1.675941236E-2,-1.101332754E-1,9.612719536E0
3.543096751E1,1.675941236E-2,-1.101332754E-1,9.612719536E0
3.568203562E1,2.154781483E-2,-8.858546615E-2,9.615114212E0
3.593313426E1,4.070143029E-2,-1.101332754E-1,9.603142738E0
3.618432444E1,2.394201607E-2,-1.077390760E-1,9.610325813E0
3.643557566E1,2.873042040E-2,-1.149216816E-1,9.615114212E0
3.668691843E1,2.873042040E-2,-1.005564705E-1,9.612719536E0
3.693798655E1,2.394201607E-2,-9.816227108E-2,9.631873131E0
3.718914622E1,4.309562966E-2,-1.005564705E-1,9.646238327E0
3.744027537E1,3.591302410E-2,-1.101332754E-1,9.603142738E0
3.769149607E1,1.197100803E-2,-1.316810995E-1,9.605537415E0
3.794262522E1,2.154781483E-2,-1.244984865E-1,9.600749016E0
3.819347971E1,1.675941236E-2,-1.149216816E-1,9.612719536E0
3.844485301E1,2.633621916E-2,-1.125274822E-1,9.624691010E0
3.869616526E1,2.154781483E-2,-9.337386489E-2,9.615114212E0
3.894732493E1,2.394201607E-2,-1.077390760E-1,9.598354340E0
3.919872874E1,1.436521020E-2,-1.029506698E-1,9.617507935E0
3.944985789E1,2.154781483E-2,-1.149216816E-1,9.619902611E0
3.970117014E1,2.394201607E-2,-1.149216816E-1,9.610325813E0
3.995236033E1,1.197100803E-2,-1.077390760E-1,9.612719536E0
4.020342844E1,3.591302410E-2,-1.053448766E-1,9.605537415E0
4.045471018E1,3.112462163E-2,-1.125274822E-1,9.615114212E0
4.070556553E1,2.154781483E-2,-1.029506698E-1,9.607931137E0
4.095678623E1,1.915361360E-2,-1.053448766E-1,9.605537415E0
4.120779331E1,2.394201607E-2,-1.149216816E-1,9.612719536E0
4.145889194E1,2.633621916E-2,-1.173158810E-1,9.615114212E0
4.171005161E1,1.915361360E-2,-1.005564705E-1,9.610325813E0
4.196136387E1,1.436521020E-2,-1.077390760E-1,9.615114212E0
4.221264561E1,2.873042040E-2,-1.173158810E-1,9.615114212E0
4.246383579E1,2.633621916E-2,-1.101332754E-1,9.612719536E0
4.271493442E1,1.436521020E-2,-1.101332754E-1,9.603142738E0
4.296624668E1,3.112462163E-2,-1.053448766E-1,9.595960617E0
4.321749790E1,2.154781483E-2,-1.149216816E-1,9.612719536E0
4.346868809E1,2.873042040E-2,-1.125274822E-1,9.615114212E0
4.371972568E1,3.112462163E-2,-1.149216816E-1,9.612719536E0
4.397070225E1,1.675941236E-2,-1.149216816E-1,9.612719536E0
4.422195347E1,3.112462163E-2,-1.173158810E-1,9.605537415E0
4.447320469E1,3.591302410E-2,-1.029506698E-1,9.607931137E0
4.472424228E1,3.112462163E-2,-1.029506698E-1,9.612719536E0
4.497549351E1,1.915361360E-2,-1.029506698E-1,9.605537415E0
4.522647007E1,3.591302410E-2,-1.005564705E-1,9.610325813E0
4.547769077E1,2.394201607E-2,-1.125274822E-1,9.610325813E0
4.572894199E1,1.197100803E-2,-1.101332754E-1,9.615114212E0
4.598010166E1,1.675941236E-2,-1.029506698E-1,9.612719536E0
4.623135288E1,2.154781483E-2,-1.149216816E-1,9.610325813E0
4.648235996E1,2.873042040E-2,-1.173158810E-1,9.619902611E0
4.673370274E1,1.197100803E-2,-1.268926859E-1,9.605537415E0
4.698477085E1,9.576806799E-3,-9.816227108E-2,9.600749016E0
4.723620518E1,2.394201607E-2,-1.221042871E-1,9.607931137E0
4.748751743E1,9.576806799E-3,-1.077390760E-1,9.615114212E0
4.773867710E1,2.633621916E-2,-1.053448766E-1,9.612719536E0
4.798983677E1,2.873042040E-2,-1.053448766E-1,9.607931137E0
4.824102695E1,2.873042040E-2,-1.005564705E-1,9.605537415E0
4.849218662E1,1.675941236E-2,-1.101332754E-1,9.603142738E0
4.874343784E1,2.394201607E-2,-1.125274822E-1,9.610325813E0
4.899447544E1,2.154781483E-2,-1.149216816E-1,9.607931137E0
4.924545200E1,2.633621916E-2,-1.125274822E-1,9.615114212E0
4.949648960E1,1.915361360E-2,-1.221042871E-1,9.600749016E0
4.974774082E1,2.394201607E-2,-1.101332754E-1,9.607931137E0
4.999902256E1,4.070143029E-2,-1.029506698E-1,9.615114212E0
5.025015171E1,1.675941236E-2,-1.029506698E-1,9.600749016E0
5.050125034E1,3.112462163E-2,-1.029506698E-1,9.605537415E0
5.075259312E1,3.112462163E-2,-1.125274822E-1,9.612719536E0
5.100375278E1,3.830722719E-2,-1.029506698E-1,9.605537415E0
5.125509556E1,2.873042040E-2,-1.077390760E-1,9.607931137E0
5.150637730E1,2.154781483E-2,-1.029506698E-1,9.617507935E0
5.175756748E1,2.154781483E-2,-1.077390760E-1,9.607931137E0
5.200903232E1,2.154781483E-2,-9.576806426E-2,9.615114212E0
5.226019199E1,3.112462163E-2,-1.149216816E-1,9.605537415E0
5.251159580E1,2.633621916E-2,-1.125274822E-1,9.605537415E0
5.276275547E1,1.915361360E-2,-1.005564705E-1,9.605537415E0
5.301373203E1,2.394201607E-2,-1.053448766E-1,9.607931137E0
5.326489170E1,2.154781483E-2,-1.077390760E-1,9.610325813E0
5.351602085E1,3.830722719E-2,-1.077390760E-1,9.605537415E0
5.376724155E1,2.394201607E-2,-1.005564705E-1,9.612719536E0
5.401852329E1,1.915361360E-2,-1.197100878E-1,9.610325813E0
5.426940830E1,2.394201607E-2,-1.149216816E-1,9.605537415E0
5.452053745E1,3.112462163E-2,-1.101332754E-1,9.607931137E0
5.477166660E1,2.154781483E-2,-1.125274822E-1,9.612719536E0
5.502285679E1,1.675941236E-2,-1.077390760E-1,9.615114212E0
5.527398594E1,3.112462163E-2,-1.053448766E-1,9.607931137E0
5.552505405E1,3.112462163E-2,-1.101332754E-1,9.607931137E0
5.577618320E1,2.394201607E-2,-1.149216816E-1,9.610325813E0
5.602740391E1,2.394201607E-2,-1.029506698E-1,9.598354340E0
5.627874668E1,2.394201607E-2,-1.125274822E-1,9.610325813E0
5.652987583E1,1.197100803E-2,-1.005564705E-1,9.615114212E0
5.678118809E1,3.351882473E-2,-1.149216816E-1,9.607931137E0
5.703234775E1,3.112462163E-2,-1.077390760E-1,9.610325813E0
5.728341587E1,3.112462163E-2,-1.149216816E-1,9.612719536E0
5.753466709E1,3.351882473E-2,-1.077390760E-1,9.603142738E0
5.778576572E1,2.633621916E-2,-1.149216816E-1,9.607931137E0
5.803698643E1,2.394201607E-2,-1.173158810E-1,9.610325813E0
5.828790195E1,2.633621916E-2,-1.125274822E-1,9.607931137E0
5.853906162E1,2.633621916E-2,-1.125274822E-1,9.610325813E0
5.879022129E1,1.197100803E-2,-1.125274822E-1,9.593565941E0
5.904125889E1,1.915361360E-2,-1.029506698E-1,9.607931137E0
5.929260166E1,3.830722719E-2,-1.125274822E-1,9.600749016E0
5.954342564E1,2.633621916E-2,-1.173158810E-1,9.598354340E0
5.979455478E1,2.394201607E-2,-1.005564705E-1,9.605537415E0
6.004571445E1,3.112462163E-2,-1.029506698E-1,9.603142738E0
6.029690464E1,2.394201607E-2,-1.077390760E-1,9.603142738E0
6.054806431E1,2.154781483E-2,-1.101332754E-1,9.605537415E0
6.079937656E1,2.633621916E-2,-1.125274822E-1,9.605537415E0
6.105078037E1,2.394201607E-2,-1.173158810E-1,9.605537415E0
6.130175693E1,2.394201607E-2,-1.125274822E-1,9.598354340E0
6.155288608E1,2.394201607E-2,-1.101332754E-1,9.607931137E0
6.180389316E1,2.873042040E-2,-1.053448766E-1,9.598354340E0
6.205505283E1,3.351882473E-2,-1.101332754E-1,9.605537415E0
6.230642612E1,1.675941236E-2,-1.173158810E-1,9.612719536E0
6.255755527E1,3.112462163E-2,-1.125274822E-1,9.612719536E0
6.280868442E1,3.591302410E-2,-9.816227108E-2,9.607931137E0
6.305975254E1,9.576806799E-3,-1.101332754E-1,9.610325813E0
6.331124790E1,9.576806799E-3,-1.053448766E-1,9.610325813E0
6.356240757E1,3.112462163E-2,-1.125274822E-1,9.603142738E0
6.381347568E1,2.154781483E-2,-1.029506698E-1,9.610325813E0
6.406469639E1,2.394201607E-2,-1.149216816E-1,9.612719536E0
6.431588657E1,2.394201607E-2,-1.101332754E-1,9.600749016E0
6.456698521E1,2.394201607E-2,-1.029506698E-1,9.612719536E0
6.481838901E1,2.394201607E-2,-1.149216816E-1,9.610325813E0
6.506979282E1,1.915361360E-2,-1.125274822E-1,9.607931137E0
6.532098301E1,2.633621916E-2,-1.149216816E-1,9.607931137E0
6.557214268E1,1.436521020E-2,-1.125274822E-1,9.600749016E0
6.582330234E1,1.436521020E-2,-1.029506698E-1,9.593565941E0
6.607437046E1,2.633621916E-2,-1.125274822E-1,9.610325813E0
6.632562168E1,1.197100803E-2,-1.244984865E-1,9.605537415E0
6.657678135E1,2.394201607E-2,-1.101332754E-1,9.615114212E0
6.682772739E1,2.633621916E-2,-1.101332754E-1,9.607931137E0
6.707894810E1,3.112462163E-2,-1.077390760E-1,9.605537415E0
6.733019932E1,2.394201607E-2,-1.077390760E-1,9.605537415E0
6.758142002E1,2.873042040E-2,-9.576806426E-2,9.607931137E0
6.783257969E1,3.351882473E-2,-1.125274822E-1,9.612719536E0
6.808352573E1,2.633621916E-2,-1.149216816E-1,9.622296333E0
6.833474644E1,1.915361360E-2,-1.053448766E-1,9.612719536E0
6.858581455E1,3.112462163E-2,-1.053448766E-1,9.603142738E0
6.883703525E1,1.915361360E-2,-1.029506698E-1,9.591172218E0
6.908822544E1,3.112462163E-2,-1.101332754E-1,9.607931137E0
6.933938511E1,1.915361360E-2,-1.173158810E-1,9.607931137E0
6.959042271E1,1.915361360E-2,-1.005564705E-1,9.612719536E0
6.984170444E1,1.915361360E-2,-1.101332754E-1,9.600749016E0
7.009304722E1,1.675941236E-2,-1.221042871E-1,9.598354340E0
7.034414585E1,2.394201607E-2,-1.029506698E-1,9.610325813E0
7.059536655E1,2.154781483E-2,-1.125274822E-1,9.610325813E0
7.084637363E1,3.112462163E-2,-1.149216816E-1,9.605537415E0
7.109762485E1,2.154781483E-2,-1.125274822E-1,9.612719536E0
7.134899815E1,2.394201607E-2,-1.173158810E-1,9.593565941E0
7.160021749E1,3.351882473E-2,-1.125274822E-1,9.610325813E0
7.185140767E1,1.197100803E-2,-1.197100878E-1,9.612719536E0
7.210253682E1,2.394201607E-2,-1.197100878E-1,9.610325813E0
7.235381856E1,2.154781483E-2,-1.077390760E-1,9.610325813E0
7.260485616E1,2.154781483E-2,-1.077390760E-1,9.612719536E0
7.285586324E1,2.394201607E-2,-1.197100878E-1,9.612719536E0
7.310708394E1,1.915361360E-2,-1.101332754E-1,9.605537415E0
7.335818258E1,2.873042040E-2,-1.125274822E-1,9.610325813E0
7.360934224E1,1.915361360E-2,-1.101332754E-1,9.605537415E0
7.386031881E1,1.915361360E-2,-1.053448766E-1,9.607931137E0
7.411169210E1,1.675941236E-2,-1.077390760E-1,9.605537415E0
7.436300435E1,2.633621916E-2,-1.101332754E-1,9.600749016E0
7.461410299E1,2.873042040E-2,-1.173158810E-1,9.610325813E0
7.486535421E1,1.915361360E-2,-1.101332754E-1,9.607931137E0
7.511642232E1,3.112462163E-2,-1.077390760E-1,9.603142738E0
7.536745992E1,1.915361360E-2,-1.149216816E-1,9.605537415E0
7.561840596E1,2.873042040E-2,-1.029506698E-1,9.607931137E0
7.586938253E1,2.633621916E-2,-1.125274822E-1,9.600749016E0
7.612075582E1,3.112462163E-2,-1.029506698E-1,9.603142738E0
7.637182393E1,3.351882473E-2,-1.101332754E-1,9.607931137E0
7.662301412E1,1.915361360E-2,-1.292868853E-1,9.603142738E0
7.687420430E1,2.154781483E-2,-1.101332754E-1,9.600749016E0
7.712530294E1,3.112462163E-2,-1.221042871E-1,9.605537415E0
7.737634054E1,2.633621916E-2,-1.101332754E-1,9.615114212E0
7.762765279E1,3.112462163E-2,-1.005564705E-1,9.598354340E0
7.787875142E1,3.351882473E-2,-1.077390760E-1,9.600749016E0
7.812981954E1,3.112462163E-2,-1.149216816E-1,9.605537415E0
7.838091817E1,3.351882473E-2,-1.029506698E-1,9.607931137E0
7.863229146E1,2.394201607E-2,-1.173158810E-1,9.603142738E0
7.888326802E1,2.394201607E-2,-1.221042871E-1,9.603142738E0
7.913445821E1,1.915361360E-2,-1.053448766E-1,9.605537415E0
7.938555684E1,2.633621916E-2,-1.077390760E-1,9.612719536E0
7.963683858E1,2.394201607E-2,-1.029506698E-1,9.612719536E0
7.988778463E1,2.394201607E-2,-1.173158810E-1,9.612719536E0
8.013921895E1,1.915361360E-2,-1.053448766E-1,9.605537415E0
8.039034810E1,1.675941236E-2,-1.029506698E-1,9.600749016E0
8.064135518E1,2.633621916E-2,-1.005564705E-1,9.619902611E0
8.089260640E1,2.394201607E-2,-1.125274822E-1,9.607931137E0
8.114413228E1,1.675941236E-2,-1.077390760E-1,9.617507935E0
8.139513936E1,3.112462163E-2,-1.077390760E-1,9.600749016E0
8.164645162E1,2.873042040E-2,-1.149216816E-1,9.615114212E0
8.189751973E1,2.633621916E-2,-1.149216816E-1,9.605537415E0
8.214880147E1,2.873042040E-2,-1.149216816E-1,9.607931137E0
8.239996114E1,2.633621916E-2,-1.101332754E-1,9.607931137E0
8.265124288E1,3.112462163E-2,-1.125274822E-1,9.617507935E0
8.290237203E1,2.873042040E-2,-1.149216816E-1,9.595960617E0
8.315340963E1,3.112462163E-2,-1.101332754E-1,9.617507935E0
8.340447774E1,2.394201607E-2,-1.077390760E-1,9.610325813E0
8.365542379E1,2.633621916E-2,-1.149216816E-1,9.612719536E0
8.390667501E1,2.154781483E-2,-1.101332754E-1,9.603142738E0
8.415789571E1,2.873042040E-2,-1.053448766E-1,9.600749016E0
8.440920797E1,2.154781483E-2,-1.053448766E-1,9.598354340E0
8.466052022E1,2.394201607E-2,-1.101332754E-1,9.603142738E0
8.491171041E1,1.675941236E-2,-1.149216816E-1,9.605537415E0
8.516308370E1,3.351882473E-2,-1.197100878E-1,9.600749016E0
8.541436544E1,2.394201607E-2,-1.101332754E-1,9.607931137E0
8.566549459E1,3.591302410E-2,-1.149216816E-1,9.612719536E0
8.591662374E1,1.675941236E-2,-1.197100878E-1,9.598354340E0
8.616787496E1,2.394201607E-2,-1.053448766E-1,9.607931137E0
8.641924825E1,2.154781483E-2,-1.125274822E-1,9.603142738E0
8.667043844E1,2.633621916E-2,-1.125274822E-1,9.600749016E0
8.692150655E1,2.873042040E-2,-1.077390760E-1,9.603142738E0
8.717269674E1,1.675941236E-2,-1.029506698E-1,9.600749016E0
8.742400899E1,2.154781483E-2,-1.101332754E-1,9.605537415E0
8.767519918E1,2.154781483E-2,-1.029506698E-1,9.619902611E0
8.792645040E1,2.394201607E-2,-1.125274822E-1,9.615114212E0
8.817788472E1,1.915361360E-2,-1.029506698E-1,9.595960617E0
8.842904439E1,1.675941236E-2,-1.077390760E-1,9.610325813E0
8.868011251E1,2.873042040E-2,-1.077390760E-1,9.598354340E0
8.893148580E1,3.112462163E-2,-1.077390760E-1,9.607931137E0
8.918273702E1,2.633621916E-2,-1.125274822E-1,9.605537415E0
8.943404928E1,1.915361360E-2,-1.197100878E-1,9.610325813E0
8.968526998E1,3.351882473E-2,-1.149216816E-1,9.607931137E0
8.993636861E1,1.915361360E-2,-1.173158810E-1,9.593565941E0
9.018749776E1,3.351882473E-2,-1.005564705E-1,9.605537415E0
9.043856588E1,3.830722719E-2,-1.149216816E-1,9.607931137E0
9.068978658E1,2.154781483E-2,-1.173158810E-1,9.605537415E0
9.094094625E1,3.351882473E-2,-1.101332754E-1,9.603142738E0
9.119210592E1,2.873042040E-2,-1.077390760E-1,9.603142738E0
9.144317403E1,3.112462163E-2,-1.149216816E-1,9.605537415E0
9.169427266E1,2.394201607E-2,-1.173158810E-1,9.619902611E0
9.194531026E1,2.873042040E-2,-1.077390760E-1,9.610325813E0
9.219643941E1,4.070143029E-2,-1.029506698E-1,9.603142738E0
9.244769063E1,3.112462163E-2,-1.197100878E-1,9.610325813E0
9.269878926E1,2.633621916E-2,-1.101332754E-1,9.612719536E0
9.294988790E1,2.394201607E-2,-1.125274822E-1,9.600749016E0
9.320089498E1,2.394201607E-2,-1.125274822E-1,9.615114212E0
9.345208516E1,2.154781483E-2,-1.149216816E-1,9.607931137E0
9.370336690E1,3.591302410E-2,-1.077390760E-1,9.607931137E0
9.395458760E1,3.112462163E-2,-1.125274822E-1,9.605537415E0
9.420577779E1,1.436521020E-2,-1.149216816E-1,9.629479408E0
9.445693746E1,3.591302410E-2,-1.173158810E-1,9.600749016E0
9.470809713E1,1.436521020E-2,-1.077390760E-1,9.595960617E0
9.495931783E1,3.112462163E-2,-1.101332754E-1,9.617507935E0
9.521053853E1,3.112462163E-2,-1.005564705E-1,9.615114212E0
9.546166768E1,2.873042040E-2,-1.077390760E-1,9.615114212E0
9.571276632E1,3.591302410E-2,-1.077390760E-1,9.607931137E0
9.596413961E1,2.873042040E-2,-1.101332754E-1,9.605537415E0
9.621517720E1,2.873042040E-2,-1.029506698E-1,9.605537415E0
9.646633687E1,2.633621916E-2,-1.053448766E-1,9.617507935E0
9.671755758E1,2.873042040E-2,-1.244984865E-1,9.617507935E0
9.696880880E1,3.591302410E-2,-1.125274822E-1,9.610325813E0
9.721993795E1,2.633621916E-2,-1.197100878E-1,9.607931137E0
9.747131124E1,1.915361360E-2,-1.149216816E-1,9.612719536E0
9.772256246E1,2.633621916E-2,-1.029506698E-1,9.607931137E0
9.797387471E1,1.436521020E-2,-1.221042871E-1,9.600749016E0
9.822503438E1,2.154781483E-2,-1.101332754E-1,9.605537415E0
9.847628560E1,3.351882473E-2,-1.029506698E-1,9.605537415E0
9.872759786E1,2.633621916E-2,-1.173158810E-1,9.605537415E0
9.897878804E1,1.436521020E-2,-1.149216816E-1,9.610325813E0
9.922997823E1,1.675941236E-2,-1.221042871E-1,9.605537415E0
9.948116842E1,1.675941236E-2,-1.149216816E-1,9.605537415E0
9.973235860E1,2.633621916E-2,-1.077390760E-1,9.615114212E0
9.998370137E1,1.436521020E-2,-9.337386489E-2,9.617507935E0
1.002348305E2,3.351882473E-2,-9.816227108E-2,9.600749016E0
1.004859292E2,4.070143029E-2,-1.053448766E-1,9.617507935E0
1.007371499E2,2.873042040E-2,-1.101332754E-1,9.607931137E0
1.009881264E2,1.915361360E-2,-1.029506698E-1,9.610325813E0
1.012393471E2,3.351882473E-2,-1.149216816E-1,9.598354340E0
1.014906289E2,3.351882473E-2,-1.197100878E-1,9.605537415E0
1.017418190E2,2.394201607E-2,-1.053448766E-1,9.600749016E0
1.019928566E2,2.873042040E-2,-1.053448766E-1,9.607931137E0
1.022438998E2,9.576806799E-3,-1.077390760E-1,9.607931137E0
1.024950595E2,9.576806799E-3,-1.077390760E-1,9.603142738E0
1.027461886E2,3.112462163E-2,-1.101332754E-1,9.598354340E0
1.029975619E2,1.915361360E-2,-1.029506698E-1,9.600749016E0
1.032486301E2,9.576806799E-3,-1.197100878E-1,9.612719536E0
1.034998508E2,2.154781483E-2,-1.077390760E-1,9.612719536E0
1.037510409E2,1.675941236E-2,-1.125274822E-1,9.607931137E0
1.040022006E2,1.197100803E-2,-1.173158810E-1,9.605537415E0
1.042533298E2,3.112462163E-2,-9.816227108E-2,9.627084732E0
1.045044894E2,2.394201607E-2,-1.173158810E-1,9.605537415E0
1.047556186E2,1.915361360E-2,-1.053448766E-1,9.607931137E0
1.050067172E2,2.154781483E-2,-1.005564705E-1,9.610325813E0
1.052578158E2,3.351882473E-2,-1.149216816E-1,9.605537415E0
1.055090060E2,9.576806799E-3,-1.101332754E-1,9.605537415E0
1.057602267E2,1.197100803E-2,-1.101332754E-1,9.607931137E0
1.060115695E2,2.633621916E-2,-1.149216816E-1,9.598354340E0
1.062627902E2,3.591302410E-2,-1.005564705E-1,9.595960617E0
1.065141025E2,3.112462163E-2,-1.077390760E-1,9.615114212E0
1.067655368E2,2.154781483E-2,-1.053448766E-1,9.607931137E0
1.070168490E2,2.394201607E-2,-1.029506698E-1,9.605537415E0
1.072680087E2,2.873042040E-2,-1.149216816E-1,9.607931137E0
1.075189242E2,1.436521020E-2,-1.173158810E-1,9.610325813E0
1.077700839E2,2.394201607E-2,-1.101332754E-1,9.612719536E0
1.080212436E2,2.633621916E-2,-9.576806426E-2,9.617507935E0
1.082723422E2,2.633621916E-2,-1.005564705E-1,9.603142738E0
1.085236240E2,2.154781483E-2,-1.005564705E-1,9.612719536E0
1.087748141E2,3.591302410E-2,-1.029506698E-1,9.612719536E0
1.090260348E2,3.591302410E-2,-1.101332754E-1,9.607931137E0
1.092772861E2,2.633621916E-2,-1.125274822E-1,9.603142738E0
1.095283542E2,2.394201607E-2,-9.816227108E-2,9.605537415E0
1.097792697E2,3.112462163E-2,-1.029506698E-1,9.605537415E0
1.100304294E2,2.633621916E-2,-1.029506698E-1,9.605537415E0
1.102816501E2,2.633621916E-2,-1.005564705E-1,9.605537415E0
1.105327792E2,1.675941236E-2,-1.077390760E-1,9.607931137E0
1.107839694E2,1.915361360E-2,-1.053448766E-1,9.615114212E0
1.110351596E2,2.394201607E-2,-1.053448766E-1,9.610325813E0
1.112861972E2,2.394201607E-2,-1.029506698E-1,9.615114212E0
1.115373569E2,3.351882473E-2,-1.149216816E-1,9.612719536E0
1.117885165E2,1.915361360E-2,-1.029506698E-1,9.603142738E0
1.120397067E2,2.154781483E-2,-1.149216816E-1,9.617507935E0
1.122910190E2,1.436521020E-2,-1.053448766E-1,9.617507935E0
1.125422397E2,2.633621916E-2,-1.077390760E-1,9.607931137E0
1.127934299E2,4.070143029E-2,-1.101332754E-1,9.615114212E0
1.130444064E2,2.154781483E-2,-1.101332754E-1,9.603142738E0
1.132956882E2,3.351882473E-2,-1.029506698E-1,9.607931137E0
1.135466952E2,3.112462163E-2,-1.101332754E-1,9.598354340E0
1.137978854E2,2.394201607E-2,-1.173158810E-1,9.605537415E0
1.140491977E2,2.154781483E-2,-1.077390760E-1,9.603142738E0
1.143004184E2,2.394201607E-2,-1.173158810E-1,9.615114212E0
1.145516086E2,2.154781483E-2,-1.077390760E-1,9.612719536E0
1.148027377E2,2.394201607E-2,-1.149216816E-1,9.610325813E0
1.150539279E2,2.394201607E-2,-1.077390760E-1,9.598354340E0
1.153049655E2,1.436521020E-2,-1.101332754E-1,9.600749016E0
1.155562472E2,2.633621916E-2,-1.125274822E-1,9.615114212E0
1.158074374E2,1.675941236E-2,-1.053448766E-1,9.615114212E0
1.160587192E2,3.351882473E-2,-1.029506698E-1,9.615114212E0
1.163098788E2,2.873042040E-2,-1.005564705E-1,9.607931137E0
1.165610080E2,2.633621916E-2,-1.149216816E-1,9.607931137E0
1.168123508E2,1.436521020E-2,-1.101332754E-1,9.615114212E0
1.170636020E2,2.154781483E-2,-1.053448766E-1,9.603142738E0
1.173147006E2,2.394201607E-2,-9.816227108E-2,9.603142738E0
1.175659823E2,3.112462163E-2,-1.077390760E-1,9.607931137E0
1.178171725E2,3.351882473E-2,-1.077390760E-1,9.619902611E0
1.180682712E2,3.351882473E-2,-1.005564705E-1,9.603142738E0
1.183194308E2,3.112462163E-2,-1.005564705E-1,9.607931137E0
1.185706210E2,3.591302410E-2,-9.816227108E-2,9.607931137E0
1.188216586E2,2.633621916E-2,-1.101332754E-1,9.607931137E0
1.190729098E2,1.675941236E-2,-1.149216816E-1,9.605537415E0
1.193241305E2,2.394201607E-2,-9.816227108E-2,9.607931137E0
1.195752597E2,2.633621916E-2,-1.077390760E-1,9.607931137E0
1.198265414E2,2.873042040E-2,-1.029506698E-1,9.615114212E0
1.200776401E2,1.197100803E-2,-1.077390760E-1,9.615114212E0
1.203287387E2,2.154781483E-2,-1.173158810E-1,9.615114212E0
1.205798984E2,2.873042040E-2,-9.576806426E-2,9.610325813E0
1.208312411E2,2.394201607E-2,-1.029506698E-1,9.610325813E0
1.210824924E2,4.309562966E-2,-1.077390760E-1,9.607931137E0
1.213338351E2,2.154781483E-2,-1.053448766E-1,9.612719536E0
1.215851169E2,1.915361360E-2,-1.077390760E-1,9.598354340E0
1.218363681E2,1.915361360E-2,-1.029506698E-1,9.612719536E0
1.220875278E2,1.915361360E-2,-1.053448766E-1,9.598354340E0
1.223387485E2,1.197100803E-2,-1.005564705E-1,9.605537415E0
1.225899081E2,1.675941236E-2,-1.125274822E-1,9.617507935E0
1.228410373E2,2.873042040E-2,-1.029506698E-1,9.603142738E0
1.230923495E2,1.915361360E-2,-1.149216816E-1,9.615114212E0
1.233436923E2,2.633621916E-2,-1.077390760E-1,9.603142738E0
1.235948215E2,2.873042040E-2,-1.005564705E-1,9.612719536E0
1.238459506E2,3.351882473E-2,-1.077390760E-1,9.603142738E0
1.240971408E2,2.633621916E-2,-1.077390760E-1,9.615114212E0
1.243482394E2,3.351882473E-2,-1.029506698E-1,9.610325813E0
1.245995822E2,3.112462163E-2,-1.101332754E-1,9.600749016E0
1.248508334E2,3.112462163E-2,-1.077390760E-1,9.610325813E0
1.251021152E2,2.394201607E-2,-1.101332754E-1,9.603142738E0
1.253530612E2,2.154781483E-2,-1.029506698E-1,9.605537415E0
1.256040378E2,1.915361360E-2,-1.101332754E-1,9.607931137E0
1.258552585E2,2.873042040E-2,-1.077390760E-1,9.598354340E0
1.261063571E2,2.873042040E-2,-1.149216816E-1,9.603142738E0
1.263575473E2,2.633621916E-2,-1.101332754E-1,9.607931137E0
1.266085849E2,3.830722719E-2,-1.053448766E-1,9.610325813E0
1.268599277E2,2.633621916E-2,-1.101332754E-1,9.617507935E0
1.271110568E2,2.873042040E-2,-1.173158810E-1,9.612719536E0
1.273622470E2,2.633621916E-2,-1.005564705E-1,9.615114212E0
1.276133151E2,2.633621916E-2,-1.077390760E-1,9.612719536E0
1.278642612E2,2.154781483E-2,-1.125274822E-1,9.607931137E0
1.281154513E2,2.154781483E-2,-1.005564705E-1,9.615114212E0
1.283666110E2,3.591302410E-2,-1.077390760E-1,9.610325813E0
1.286176486E2,3.112462163E-2,-1.149216816E-1,9.607931137E0
1.288688388E2,2.154781483E-2,-1.029506698E-1,9.612719536E0
1.291200290E2,1.915361360E-2,-1.149216816E-1,9.605537415E0
1.293712497E2,3.112462163E-2,-1.149216816E-1,9.600749016E0
1.296225314E2,2.154781483E-2,-1.053448766E-1,9.607931137E0
1.298737216E2,2.633621916E-2,-1.125274822E-1,9.615114212E0
1.301250339E2,3.112462163E-2,-1.077390760E-1,9.605537415E0
1.303764682E2,2.633621916E-2,-1.125274822E-1,9.605537415E0
1.306276584E2,2.633621916E-2,-1.125274822E-1,9.603142738E0
1.308789096E2,9.576806799E-3,-1.053448766E-1,9.610325813E0
1.311299472E2,1.915361360E-2,-1.101332754E-1,9.598354340E0
1.313812289E2,3.351882473E-2,-9.816227108E-2,9.610325813E0
1.316323276E2,1.675941236E-2,-1.029506698E-1,9.610325813E0
1.318833652E2,2.394201607E-2,-1.125274822E-1,9.612719536E0
1.321344943E2,3.112462163E-2,-1.053448766E-1,9.615114212E0
1.323856845E2,3.112462163E-2,-1.173158810E-1,9.612719536E0
1.326370578E2,1.915361360E-2,-1.149216816E-1,9.605537415E0
1.328879154E2,3.351882473E-2,-9.576806426E-2,9.605537415E0
1.331391361E2,1.197100803E-2,-1.149216816E-1,9.607931137E0
1.333902348E2,3.112462163E-2,-1.005564705E-1,9.603142738E0
1.336412724E2,1.436521020E-2,-1.101332754E-1,9.598354340E0
1.338925236E2,2.154781483E-2,-1.197100878E-1,9.605537415E0
1.341435917E2,2.394201607E-2,-1.149216816E-1,9.615114212E0
1.343946598E2,3.351882473E-2,-1.005564705E-1,9.605537415E0
1.346461247E2,1.675941236E-2,-1.125274822E-1,9.605537415E0
1.348973454E2,3.830722719E-2,-8.858546615E-2,9.612719536E0
1.351484745E2,4.788403213E-2,-9.097966552E-2,9.622296333E0
1.353995426E2,1.915361360E-2,-1.149216816E-1,9.603142738E0
1.356507939E2,3.112462163E-2,-1.101332754E-1,9.598354340E0
1.359021061E2,3.112462163E-2,-1.149216816E-1,9.615114212E0
1.361532658E2,2.633621916E-2,-1.101332754E-1,9.612719536E0
1.364044255E2,2.394201607E-2,-1.101332754E-1,9.619902611E0
1.366557682E2,2.873042040E-2,-1.173158810E-1,9.605537415E0
1.369070500E2,1.675941236E-2,-1.101332754E-1,9.615114212E0
1.371581181E2,4.548983276E-2,-1.053448766E-1,9.610325813E0
1.374093693E2,1.675941236E-2,-1.053448766E-1,9.605537415E0
1.376604069E2,2.394201607E-2,-1.101332754E-1,9.612719536E0
1.379115055E2,2.394201607E-2,-1.149216816E-1,9.605537415E0
1.381628178E2,1.197100803E-2,-1.149216816E-1,9.603142738E0
1.384140080E2,3.112462163E-2,-1.173158810E-1,9.612719536E0
1.386650456E2,2.633621916E-2,-1.125274822E-1,9.603142738E0
1.389162358E2,1.675941236E-2,-1.053448766E-1,9.607931137E0
1.391674870E2,2.633621916E-2,-1.149216816E-1,9.598354340E0
1.394185856E2,2.394201607E-2,-1.029506698E-1,9.634267807E0
1.396698368E2,3.112462163E-2,-1.053448766E-1,9.603142738E0
1.399210270E2,1.915361360E-2,-9.816227108E-2,9.581595421E0
1.401721867E2,2.873042040E-2,-1.149216816E-1,9.583989143E0
1.404232853E2,3.351882473E-2,-1.173158810E-1,9.619902611E0
1.406746891E2,2.154781483E-2,-1.101332754E-1,9.610325813E0
1.409257267E2,2.633621916E-2,-1.173158810E-1,9.607931137E0
1.411771305E2,3.351882473E-2,-1.077390760E-1,9.610325813E0
1.414282902E2,2.873042040E-2,-1.029506698E-1,9.607931137E0
1.416794804E2,2.633621916E-2,-1.077390760E-1,9.605537415E0
1.419306095E2,1.675941236E-2,-1.101332754E-1,9.598354340E0
1.421816471E2,1.915361360E-2,-1.149216816E-1,9.605537415E0
1.424328373E2,2.633621916E-2,-1.029506698E-1,9.593565941E0
1.426842106E2,1.197100803E-2,-1.149216816E-1,9.615114212E0
1.429354618E2,2.633621916E-2,-1.101332754E-1,9.586383820E0
1.431865605E2,2.633621916E-2,-1.101332754E-1,9.591172218E0
1.434376286E2,2.154781483E-2,-1.101332754E-1,9.605537415E0
1.436890629E2,2.154781483E-2,-1.101332754E-1,9.610325813E0
1.439400700E2,3.830722719E-2,-1.173158810E-1,9.610325813E0
1.441912907E2,4.070143029E-2,-1.029506698E-1,9.595960617E0
1.444423893E2,2.873042040E-2,-1.364694983E-1,9.672574997E0
1.446933964E2,1.436521020E-2,-1.125274822E-1,9.605537415E0
1.449446476E2,2.873042040E-2,-1.149216816E-1,9.600749016E0
1.451958073E2,3.112462163E-2,-1.029506698E-1,9.603142738E0
1.454468449E2,1.675941236E-2,-1.005564705E-1,9.605537415E0
1.456982182E2,1.915361360E-2,-1.125274822E-1,9.607931137E0
1.459493168E2,2.633621916E-2,-1.101332754E-1,9.610325813E0
1.462005375E2,1.915361360E-2,-9.816227108E-2,9.583989143E0
1.464517582E2,1.675941236E-2,-1.101332754E-1,9.619902611E0
1.467029789E2,1.915361360E-2,-1.244984865E-1,9.610325813E0
1.469541691E2,2.394201607E-2,-1.149216816E-1,9.598354340E0
1.472052372E2,2.154781483E-2,-1.029506698E-1,9.605537415E0
1.474562748E2,2.633621916E-2,-1.149216816E-1,9.607931137E0
1.477074650E2,2.394201607E-2,-1.101332754E-1,9.605537415E0
1.479586247E2,2.633621916E-2,-1.125274822E-1,9.610325813E0
1.482097233E2,1.675941236E-2,-1.029506698E-1,9.605537415E0
1.484608830E2,2.633621916E-2,-1.125274822E-1,9.600749016E0
1.487120426E2,2.154781483E-2,-1.149216816E-1,9.605537415E0
1.489632023E2,2.154781483E-2,-1.173158810E-1,9.595960617E0
1.492140873E2,1.675941236E-2,-1.077390760E-1,9.600749016E0
1.494651860E2,3.112462163E-2,-1.077390760E-1,9.610325813E0
1.497162541E2,2.394201607E-2,-1.149216816E-1,9.607931137E0
1.499675968E2,2.633621916E-2,-1.101332754E-1,9.615114212E0
1.502188175E2,2.394201607E-2,-1.173158810E-1,9.605537415E0
1.504697941E2,2.873042040E-2,-1.077390760E-1,9.612719536E0
1.507210758E2,3.112462163E-2,-1.053448766E-1,9.595960617E0
1.509723271E2,2.633621916E-2,-1.149216816E-1,9.593565941E0
1.512236393E2,1.436521020E-2,-1.125274822E-1,9.607931137E0
1.514748295E2,2.633621916E-2,-1.101332754E-1,9.607931137E0
1.517259892E2,2.394201607E-2,-1.029506698E-1,9.607931137E0
1.519771183E2,2.394201607E-2,-1.077390760E-1,9.603142738E0
1.522282780E2,3.112462163E-2,-1.173158810E-1,9.612719536E0
1.524794071E2,2.633621916E-2,-1.149216816E-1,9.619902611E0
1.527306889E2,3.351882473E-2,-1.077390760E-1,9.605537415E0
1.529818485E2,3.112462163E-2,-1.053448766E-1,9.610325813E0
1.532331608E2,2.394201607E-2,-1.077390760E-1,9.615114212E0
1.534845341E2,2.633621916E-2,-1.125274822E-1,9.607931137E0
1.537357243E2,3.351882473E-2,-1.053448766E-1,9.598354340E0
1.539867314E2,3.351882473E-2,-1.149216816E-1,9.595960617E0
1.542377384E2,3.112462163E-2,-1.077390760E-1,9.595960617E0
1.544888066E2,2.154781483E-2,-1.101332754E-1,9.651026726E0
1.547400883E2,1.197100803E-2,-1.173158810E-1,9.552865028E0
1.549912480E2,2.154781483E-2,-1.077390760E-1,9.600749016E0
1.552423161E2,1.675941236E-2,-1.149216816E-1,9.612719536E0
1.554936589E2,2.873042040E-2,-1.125274822E-1,9.593565941E0
1.557445744E2,2.873042040E-2,-1.125274822E-1,9.617507935E0
1.559957646E2,2.154781483E-2,-1.125274822E-1,9.615114212E0
1.562468937E2,3.112462163E-2,-9.097966552E-2,9.600749016E0
1.564981755E2,2.154781483E-2,-1.053448766E-1,9.600749016E0
1.567494267E2,2.633621916E-2,-1.149216816E-1,9.605537415E0
1.570006779E2,2.633621916E-2,-1.101332754E-1,9.622296333E0
1.572517765E2,2.394201607E-2,-1.101332754E-1,9.598354340E0
1.575029362E2,2.394201607E-2,-9.816227108E-2,9.591172218E0
1.577541264E2,2.633621916E-2,-1.029506698E-1,9.617507935E0
1.580050724E2,2.154781483E-2,-1.149216816E-1,9.617507935E0
1.582562016E2,2.633621916E-2,-1.173158810E-1,9.610325813E0
1.585073002E2,2.154781483E-2,-1.149216816E-1,9.607931137E0
1.587583073E2,2.394201607E-2,-1.101332754E-1,9.600749016E0
1.590095585E2,3.830722719E-2,-1.029506698E-1,9.605537415E0
1.592605961E2,2.873042040E-2,-1.173158810E-1,9.612719536E0
1.595118168E2,3.112462163E-2,-1.029506698E-1,9.603142738E0
1.597629765E2,1.436521020E-2,-1.053448766E-1,9.586383820E0
1.600141361E2,7.182605099E-3,-1.125274822E-1,9.591172218E0
1.602654484E2,2.633621916E-2,-1.149216816E-1,9.557653427E0
1.605165776E2,2.873042040E-2,-1.077390760E-1,9.615114212E0
1.607678898E2,1.436521020E-2,-1.173158810E-1,9.619902611E0
1.610189884E2,3.830722719E-2,-1.077390760E-1,9.612719536E0
1.612701176E2,3.351882473E-2,-1.077390760E-1,9.607931137E0
1.615213078E2,2.633621916E-2,-1.125274822E-1,9.607931137E0
1.617723149E2,2.633621916E-2,-1.053448766E-1,9.593565941E0
1.620235661E2,3.830722719E-2,-1.053448766E-1,9.612719536E0
1.622748173E2,1.915361360E-2,-1.149216816E-1,9.615114212E0
1.625259770E2,2.394201607E-2,-1.125274822E-1,9.627084732E0
1.627770756E2,2.394201607E-2,-1.077390760E-1,9.610325813E0
1.630281742E2,2.873042040E-2,-1.029506698E-1,9.600749016E0
1.632792118E2,1.915361360E-2,-1.101332754E-1,9.610325813E0
1.635304020E2,1.915361360E-2,-1.125274822E-1,9.603142738E0
1.637816532E2,1.915361360E-2,-1.149216816E-1,9.605537415E0
1.640329045E2,2.154781483E-2,-1.244984865E-1,9.612719536E0
1.642840946E2,2.154781483E-2,-1.149216816E-1,9.610325813E0
1.645352543E2,2.154781483E-2,-1.173158810E-1,9.607931137E0
1.647865055E2,1.675941236E-2,-1.077390760E-1,9.615114212E0
1.650378788E2,1.915361360E-2,-1.053448766E-1,9.607931137E0
1.652890080E2,1.915361360E-2,-1.053448766E-1,9.600749016E0
1.655399540E2,1.675941236E-2,-1.173158810E-1,9.600749016E0
1.657909020E2,2.873042040E-2,-1.292868853E-1,9.612719536E0
1.660420617E2,2.633621916E-2,-1.173158810E-1,9.610325813E0
1.662931298E2,1.197100803E-2,-1.077390760E-1,9.598354340E0
1.665442284E2,3.830722719E-2,-1.149216816E-1,9.607931137E0
1.667952965E2,2.633621916E-2,-1.244984865E-1,9.612719536E0
1.670464867E2,2.154781483E-2,-1.268926859E-1,9.612719536E0
1.672978295E2,1.915361360E-2,-1.173158810E-1,9.615114212E0
1.675488671E2,2.394201607E-2,-1.173158810E-1,9.610325813E0
1.677999962E2,1.915361360E-2,-1.125274822E-1,9.605537415E0
1.680512169E2,2.154781483E-2,-1.173158810E-1,9.603142738E0
1.683024987E2,2.154781483E-2,-1.221042871E-1,9.607931137E0
1.685535973E2,1.197100803E-2,-1.221042871E-1,9.610325813E0
1.688049401E2,2.633621916E-2,-1.149216816E-1,9.607931137E0
1.690560692E2,1.197100803E-2,-1.173158810E-1,9.607931137E0
1.693071984E2,1.915361360E-2,-1.268926859E-1,9.610325813E0
1.695583275E2,1.915361360E-2,-1.244984865E-1,9.598354340E0
1.698095482E2,1.915361360E-2,-1.149216816E-1,9.593565941E0
1.700607079E2,1.675941236E-2,-1.268926859E-1,9.603142738E0
1.703117150E2,3.591302410E-2,-1.173158810E-1,9.605537415E0
1.705629357E2,1.675941236E-2,-1.125274822E-1,9.610325813E0
1.708141259E2,2.873042040E-2,-1.197100878E-1,9.598354340E0
1.710654686E2,2.633621916E-2,-1.125274822E-1,9.593565941E0
1.713166893E2,2.633621916E-2,-1.268926859E-1,9.610325813E0
1.715677575E2,1.197100803E-2,-1.149216816E-1,9.603142738E0
1.718187951E2,2.394201607E-2,-1.221042871E-1,9.610325813E0
1.720699852E2,1.675941236E-2,-1.149216816E-1,9.612719536E0
1.723211449E2,2.394201607E-2,-1.197100878E-1,9.615114212E0
1.725722435E2,2.154781483E-2,-1.173158810E-1,9.607931137E0
1.728234642E2,1.915361360E-2,-1.221042871E-1,9.622296333E0
1.730745629E2,2.394201607E-2,-1.125274822E-1,9.612719536E0
1.733256005E2,3.112462163E-2,-1.149216816E-1,9.607931137E0
1.735767907E2,2.394201607E-2,-1.053448766E-1,9.605537415E0
1.738277977E2,2.873042040E-2,-1.197100878E-1,9.617507935E0
1.740789269E2,3.112462163E-2,-1.149216816E-1,9.610325813E0
1.743300866E2,1.436521020E-2,-1.077390760E-1,9.600749016E0
1.745812462E2,2.394201607E-2,-1.173158810E-1,9.612719536E0
1.748322533E2,1.436521020E-2,-1.077390760E-1,9.612719536E0
1.750833825E2,2.873042040E-2,-1.149216816E-1,9.593565941E0
1.753345726E2,1.197100803E-2,-1.173158810E-1,9.607931137E0
1.755856408E2,2.154781483E-2,-1.077390760E-1,9.603142738E0
1.758368615E2,2.633621916E-2,-1.149216816E-1,9.600749016E0
1.760879601E2,2.633621916E-2,-1.173158810E-1,9.610325813E0
1.763391198E2,1.915361360E-2,-1.149216816E-1,9.607931137E0
1.765904320E2,1.197100803E-2,-1.125274822E-1,9.603142738E0
1.768414391E2,1.675941236E-2,-1.197100878E-1,9.605537415E0
1.770925682E2,2.633621916E-2,-1.197100878E-1,9.598354340E0
1.773436364E2,1.675941236E-2,-1.197100878E-1,9.600749016E0
1.775946434E2,2.633621916E-2,-1.149216816E-1,9.607931137E0
1.778455590E2,1.675941236E-2,-1.149216816E-1,9.607931137E0
1.780966271E2,2.633621916E-2,-1.101332754E-1,9.603142738E0
1.783476952E2,2.633621916E-2,-1.077390760E-1,9.605537415E0
1.785989159E2,2.154781483E-2,-1.077390760E-1,9.612719536E0
1.788498925E2,2.633621916E-2,-1.077390760E-1,9.612719536E0
1.791010216E2,1.915361360E-2,-1.197100878E-1,9.612719536E0
1.793522423E2,2.394201607E-2,-1.173158810E-1,9.610325813E0
1.796033104E2,2.154781483E-2,-1.221042871E-1,9.603142738E0
1.798544396E2,2.154781483E-2,-1.149216816E-1,9.600749016E0
1.801056603E2,2.394201607E-2,-1.173158810E-1,9.610325813E0
1.803569115E2,2.873042040E-2,-1.221042871E-1,9.612719536E0
1.806080407E2,2.154781483E-2,-1.149216816E-1,9.605537415E0
1.808591698E2,2.154781483E-2,-1.221042871E-1,9.619902611E0
1.811103905E2,3.112462163E-2,-1.173158810E-1,9.612719536E0
1.813616112E2,2.873042040E-2,-1.173158810E-1,9.605537415E0
1.816126488E2,1.915361360E-2,-1.101332754E-1,9.605537415E0
1.818639000E2,2.154781483E-2,-1.197100878E-1,9.612719536E0
1.821149682E2,1.915361360E-2,-1.221042871E-1,9.598354340E0
1.823662499E2,1.675941236E-2,-1.149216816E-1,9.610325813E0
1.826174096E2,2.394201607E-2,-1.125274822E-1,9.612719536E0
1.828687523E2,2.394201607E-2,-1.101332754E-1,9.600749016E0
1.831196984E2,2.154781483E-2,-1.173158810E-1,9.610325813E0
1.833710106E2,1.915361360E-2,-1.197100878E-1,9.607931137E0
1.836222313E2,1.197100803E-2,-1.173158810E-1,9.610325813E0
1.838732995E2,2.154781483E-2,-1.149216816E-1,9.607931137E0
1.841243065E2,1.675941236E-2,-1.149216816E-1,9.605537415E0
1.843753746E2,1.915361360E-2,-1.125274822E-1,9.612719536E0
1.846265648E2,2.154781483E-2,-1.149216816E-1,9.603142738E0
1.848777245E2,2.873042040E-2,-1.197100878E-1,9.603142738E0
1.851288842E2,2.633621916E-2,-1.173158810E-1,9.612719536E0
1.853798302E2,2.394201607E-2,-1.101332754E-1,9.598354340E0
1.856310509E2,2.633621916E-2,-1.244984865E-1,9.605537415E0
1.858821495E2,1.915361360E-2,-1.149216816E-1,9.603142738E0
1.861333397E2,2.394201607E-2,-1.101332754E-1,9.605537415E0
1.863843773E2,2.873042040E-2,-1.149216816E-1,9.605537415E0
1.866354760E2,1.675941236E-2,-1.268926859E-1,9.612719536E0
1.868866661E2,2.394201607E-2,-1.125274822E-1,9.607931137E0
1.871377648E2,2.394201607E-2,-1.197100878E-1,9.595960617E0
1.873887719E2,2.633621916E-2,-1.173158810E-1,9.603142738E0
1.876399315E2,2.873042040E-2,-1.173158810E-1,9.617507935E0
1.878912438E2,1.675941236E-2,-1.197100878E-1,9.607931137E0
1.881422203E2,1.915361360E-2,-1.221042871E-1,9.605537415E0
1.883933495E2,1.915361360E-2,-1.173158810E-1,9.607931137E0
1.886444176E2,1.915361360E-2,-1.221042871E-1,9.607931137E0
1.888956383E2,2.154781483E-2,-1.173158810E-1,9.610325813E0
1.891466454E2,1.436521020E-2,-1.077390760E-1,9.610325813E0
1.893978051E2,2.394201607E-2,-1.173158810E-1,9.605537415E0
1.896491173E2,2.394201607E-2,-1.149216816E-1,9.612719536E0
1.899002160E2,1.915361360E-2,-1.125274822E-1,9.607931137E0
1.901514672E2,2.394201607E-2,-1.197100878E-1,9.615114212E0
1.904025658E2,1.915361360E-2,-1.149216816E-1,9.603142738E0
1.906536950E2,3.112462163E-2,-1.125274822E-1,9.610325813E0
1.909048241E2,3.112462163E-2,-1.149216816E-1,9.603142738E0
1.911559838E2,2.633621916E-2,-1.244984865E-1,9.600749016E0
1.914071434E2,2.633621916E-2,-1.101332754E-1,9.605537415E0
1.916583031E2,2.394201607E-2,-1.173158810E-1,9.610325813E0
1.919094933E2,1.675941236E-2,-1.197100878E-1,9.603142738E0
1.921606530E2,2.873042040E-2,-1.125274822E-1,9.600749016E0
1.924117821E2,2.633621916E-2,-1.173158810E-1,9.605537415E0
1.926629723E2,9.576806799E-3,-1.125274822E-1,9.605537415E0
1.929141625E2,1.915361360E-2,-1.125274822E-1,9.612719536E0
1.931654747E2,1.675941236E-2,-1.101332754E-1,9.615114212E0
1.934167260E2,2.873042040E-2,-1.173158810E-1,9.605537415E0
1.936677636E2,3.112462163E-2,-1.101332754E-1,9.603142738E0
1.939190758E2,1.197100803E-2,-1.221042871E-1,9.610325813E0
1.941703270E2,2.394201607E-2,-1.173158810E-1,9.610325813E0
1.944214257E2,1.915361360E-2,-1.221042871E-1,9.612719536E0
1.946724938E2,1.436521020E-2,-1.125274822E-1,9.598354340E0
1.949237145E2,1.675941236E-2,-1.221042871E-1,9.600749016E0
1.951749047E2,2.633621916E-2,-1.173158810E-1,9.615114212E0
1.954260338E2,2.633621916E-2,-1.244984865E-1,9.607931137E0
1.956769494E2,2.394201607E-2,-1.101332754E-1,9.607931137E0
1.959279564E2,2.633621916E-2,-1.292868853E-1,9.607931137E0
1.961790856E2,1.436521020E-2,-1.149216816E-1,9.605537415E0
1.964301719E2,2.394201607E-2,-1.125274822E-1,9.605537415E0
1.966815452E2,1.436521020E-2,-1.149216816E-1,9.607931137E0
1.969327354E2,1.915361360E-2,-1.173158810E-1,9.605537415E0
1.971841087E2,2.394201607E-2,-1.221042871E-1,9.600749016E0
1.974351768E2,1.915361360E-2,-1.101332754E-1,9.607931137E0
1.976863670E2,2.154781483E-2,-1.221042871E-1,9.603142738E0
1.979374656E2,3.112462163E-2,-1.149216816E-1,9.607931137E0
1.981885337E2,1.915361360E-2,-1.101332754E-1,9.603142738E0
1.984396629E2,1.675941236E-2,-1.149216816E-1,9.603142738E0
1.986907920E2,1.675941236E-2,-1.244984865E-1,9.600749016E0
1.989420738E2,2.394201607E-2,-1.149216816E-1,9.603142738E0
1.991932640E2,2.394201607E-2,-1.173158810E-1,9.610325813E0
1.994443626E2,1.675941236E-2,-1.149216816E-1,9.600749016E0
1.996956138E2,2.394201607E-2,-1.173158810E-1,9.605537415E0
1.999468345E2,2.873042040E-2,-1.101332754E-1,9.598354340E0
2.001980552E2,2.633621916E-2,-1.101332754E-1,9.605537415E0
2.004492759E2,2.394201607E-2,-1.149216816E-1,9.607931137E0
2.007003135E2,1.675941236E-2,-1.101332754E-1,9.607931137E0
2.009514427E2,2.873042040E-2,-1.149216816E-1,9.610325813E0
2.012026023E2,2.394201607E-2,-1.149216816E-1,9.603142738E0
2.014537925E2,3.112462163E-2,-1.125274822E-1,9.605537415E0
2.017050437E2,2.633621916E-2,-1.125274822E-1,9.612719536E0
2.019559288E2,2.633621916E-2,-1.101332754E-1,9.605537415E0
2.022069664E2,2.633621916E-2,-1.221042871E-1,9.600749016E0
2.024582176E2,1.915361360E-2,-1.125274822E-1,9.600749016E0
2.027093467E2,1.436521020E-2,-1.149216816E-1,9.615114212E0
2.029605674E2,2.873042040E-2,-1.197100878E-1,9.607931137E0
2.032116966E2,1.675941236E-2,-1.101332754E-1,9.600749016E0
2.034629478E2,2.154781483E-2,-1.292868853E-1,9.600749016E0
2.037141380E2,9.576806799E-3,-1.221042871E-1,9.605537415E0
2.039654502E2,1.675941236E-2,-1.101332754E-1,9.610325813E0
2.042166404E2,1.915361360E-2,-1.221042871E-1,9.607931137E0
2.044678001E2,1.915361360E-2,-1.173158810E-1,9.605537415E0
2.047189292E2,1.675941236E-2,-1.149216816E-1,9.605537415E0
2.049700279E2,2.633621916E-2,-1.244984865E-1,9.610325813E0
2.052212791E2,2.873042040E-2,-1.101332754E-1,9.600749016E0
2.054722862E2,2.154781483E-2,-1.221042871E-1,9.595960617E0
2.057234153E2,1.915361360E-2,-1.244984865E-1,9.610325813E0
2.059746055E2,1.436521020E-2,-1.149216816E-1,9.600749016E0
2.062257347E2,2.873042040E-2,-1.173158810E-1,9.605537415E0
2.064768943E2,3.351882473E-2,-1.125274822E-1,9.612719536E0
2.067280540E2,1.915361360E-2,-1.244984865E-1,9.607931137E0
2.069792747E2,2.394201607E-2,-1.125274822E-1,9.598354340E0
2.072303123E2,2.633621916E-2,-1.077390760E-1,9.610325813E0
2.074815330E2,1.436521020E-2,-1.173158810E-1,9.605537415E0
2.077326927E2,2.394201607E-2,-1.149216816E-1,9.610325813E0
2.079836998E2,2.633621916E-2,-1.197100878E-1,9.610325813E0
2.082346153E2,2.394201607E-2,-1.173158810E-1,9.603142738E0
2.084858360E2,2.394201607E-2,-1.125274822E-1,9.605537415E0
2.087371177E2,2.633621916E-2,-1.292868853E-1,9.603142738E0
2.089882774E2,2.633621916E-2,-1.197100878E-1,9.603142738E0
2.092394981E2,2.873042040E-2,-1.221042871E-1,9.607931137E0
2.094905052E2,1.915361360E-2,-1.149216816E-1,9.605537415E0
2.097416648E2,1.436521020E-2,-1.101332754E-1,9.612719536E0
2.099929466E2,1.675941236E-2,-1.173158810E-1,9.605537415E0
2.102441062E2,2.154781483E-2,-1.101332754E-1,9.603142738E0
2.104950523E2,2.154781483E-2,-1.149216816E-1,9.595960617E0
2.107461814E2,1.915361360E-2,-1.173158810E-1,9.607931137E0
2.109973106E2,1.915361360E-2,-1.173158810E-1,9.607931137E0
2.112484397E2,2.154781483E-2,-1.292868853E-1,9.600749016E0
2.114995689E2,2.633621916E-2,-1.197100878E-1,9.615114212E0
2.117505760E2,1.675941236E-2,-1.197100878E-1,9.617507935E0
2.120013694E2,2.154781483E-2,-1.125274822E-1,9.612719536E0
2.122523765E2,2.633621916E-2,-1.173158810E-1,9.610325813E0
2.125033531E2,1.915361360E-2,-1.077390760E-1,9.612719536E0
2.127543907E2,2.394201607E-2,-1.149216816E-1,9.612719536E0
2.130056419E2,2.394201607E-2,-1.244984865E-1,9.612719536E0
2.132568016E2,2.633621916E-2,-1.149216816E-1,9.610325813E0
2.135081443E2,1.915361360E-2,-1.101332754E-1,9.600749016E0
2.137593956E2,1.436521020E-2,-1.244984865E-1,9.610325813E0
2.140106468E2,1.197100803E-2,-1.101332754E-1,9.598354340E0
2.142618370E2,2.394201607E-2,-1.077390760E-1,9.607931137E0
2.145131492E2,1.915361360E-2,-1.221042871E-1,9.605537415E0
2.147645225E2,2.394201607E-2,-1.197100878E-1,9.610325813E0
2.150154991E2,1.915361360E-2,-1.077390760E-1,9.603142738E0
2.152665367E2,2.154781483E-2,-1.173158810E-1,9.603142738E0
2.155176353E2,2.154781483E-2,-1.149216816E-1,9.605537415E0
2.157689170E2,1.436521020E-2,-1.244984865E-1,9.607931137E0
2.160200462E2,1.197100803E-2,-1.125274822E-1,9.605537415E0
2.162712364E2,3.112462163E-2,-1.125274822E-1,9.615114212E0
2.165223655E2,2.394201607E-2,-1.149216816E-1,9.612719536E0
2.167736167E2,2.154781483E-2,-1.197100878E-1,9.615114212E0
2.170246849E2,2.394201607E-2,-1.197100878E-1,9.619902611E0
2.172758750E2,2.633621916E-2,-1.221042871E-1,9.610325813E0
2.175268211E2,1.675941236E-2,-1.221042871E-1,9.617507935E0
2.177780113E2,3.112462163E-2,-1.173158810E-1,9.607931137E0
2.180289878E2,2.394201607E-2,-1.077390760E-1,9.610325813E0
2.182799339E2,1.675941236E-2,-1.197100878E-1,9.600749016E0
2.185310630E2,2.873042040E-2,-1.149216816E-1,9.600749016E0
2.187821617E2,2.394201607E-2,-1.197100878E-1,9.605537415E0
2.190332298E2,1.675941236E-2,-1.268926859E-1,9.600749016E0
2.192845115E2,1.915361360E-2,-1.101332754E-1,9.607931137E0
2.195356102E2,2.394201607E-2,-1.125274822E-1,9.603142738E0
2.197868309E2,2.633621916E-2,-1.077390760E-1,9.600749016E0
2.200382347E2,1.915361360E-2,-1.149216816E-1,9.605537415E0
2.202894859E2,1.436521020E-2,-1.268926859E-1,9.607931137E0
2.205407066E2,1.915361360E-2,-1.173158810E-1,9.600749016E0
2.207917747E2,2.873042040E-2,-1.101332754E-1,9.600749016E0
2.210429954E2,2.154781483E-2,-1.244984865E-1,9.598354340E0
2.212943077E2,3.112462163E-2,-1.221042871E-1,9.598354340E0
2.215455894E2,2.633621916E-2,-1.125274822E-1,9.607931137E0
2.217967185E2,1.675941236E-2,-1.101332754E-1,9.610325813E0
2.220479393E2,2.394201607E-2,-1.149216816E-1,9.605537415E0
2.222991600E2,1.675941236E-2,-1.197100878E-1,9.610325813E0
2.225505027E2,2.154781483E-2,-1.149216816E-1,9.600749016E0
2.228015403E2,2.633621916E-2,-1.053448766E-1,9.619902611E0
2.230528221E2,3.351882473E-2,-1.029506698E-1,9.607931137E0
2.233037986E2,2.154781483E-2,-1.173158810E-1,9.600749016E0
2.235548362E2,1.915361360E-2,-1.149216816E-1,9.600749016E0
2.238059349E2,2.394201607E-2,-1.077390760E-1,9.607931137E0
2.240572471E2,2.873042040E-2,-1.149216816E-1,9.598354340E0
2.243083457E2,2.394201607E-2,-1.197100878E-1,9.603142738E0
2.245597190E2,2.154781483E-2,-1.292868853E-1,9.598354340E0
2.248108177E2,2.633621916E-2,-1.149216816E-1,9.603142738E0
2.250619773E2,2.394201607E-2,-1.149216816E-1,9.598354340E0
2.253132896E2,2.394201607E-2,-1.149216816E-1,9.610325813E0
2.255645408E2,2.154781483E-2,-1.101332754E-1,9.600749016E0
2.258156394E2,1.675941236E-2,-1.125274822E-1,9.610325813E0
2.260667991E2,2.154781483E-2,-1.197100878E-1,9.607931137E0
2.263180503E2,1.436521020E-2,-1.125274822E-1,9.600749016E0
2.265693321E2,2.394201607E-2,-1.101332754E-1,9.605537415E0
2.268204307E2,2.633621916E-2,-1.101332754E-1,9.612719536E0
2.270713999E2,2.394201607E-2,-1.244984865E-1,9.605537415E0
2.273227121E2,2.394201607E-2,-1.125274822E-1,9.603142738E0
2.275736887E2,1.915361360E-2,-1.173158810E-1,9.603142738E0
2.278248789E2,2.633621916E-2,-1.173158810E-1,9.615114212E0
2.280762217E2,2.394201607E-2,-1.221042871E-1,9.603142738E0
2.283275644E2,2.873042040E-2,-1.125274822E-1,9.610325813E0
2.285787546E2,2.633621916E-2,-1.149216816E-1,9.607931137E0
2.288299753E2,2.154781483E-2,-1.149216816E-1,9.615114212E0
2.290810434E2,2.873042040E-2,-1.292868853E-1,9.610325813E0
2.293321421E2,1.915361360E-2,-1.149216816E-1,9.591172218E0
2.295831797E2,1.915361360E-2,-1.149216816E-1,9.600749016E0
2.298344309E2,1.436521020E-2,-1.101332754E-1,9.607931137E0
2.300854380E2,1.436521020E-2,-1.149216816E-1,9.598354340E0
2.303365976E2,2.873042040E-2,-1.101332754E-1,9.610325813E0
2.305876352E2,2.633621916E-2,-1.197100878E-1,9.605537415E0
2.308389170E2,2.154781483E-2,-1.125274822E-1,9.617507935E0
2.310900767E2,2.394201607E-2,-1.149216816E-1,9.605537415E0
2.313411142E2,3.830722719E-2,-1.173158810E-1,9.615114212E0
2.315921213E2,2.633621916E-2,-1.197100878E-1,9.607931137E0
2.318430674E2,3.112462163E-2,-1.101332754E-1,9.605537415E0
2.320945322E2,1.915361360E-2,-1.197100878E-1,9.607931137E0
2.323456309E2,2.873042040E-2,-1.197100878E-1,9.607931137E0
2.325967295E2,1.915361360E-2,-1.149216816E-1,9.610325813E0
2.328479197E2,3.351882473E-2,-1.197100878E-1,9.612719536E0
2.330988962E2,2.154781483E-2,-1.173158810E-1,9.615114212E0
2.333501475E2,9.576806799E-3,-1.125274822E-1,9.610325813E0
2.336012766E2,1.915361360E-2,-1.173158810E-1,9.607931137E0
2.338522532E2,2.394201607E-2,-1.221042871E-1,9.615114212E0
2.341035349E2,9.576806799E-3,-1.125274822E-1,9.603142738E0
2.343548166E2,1.436521020E-2,-1.077390760E-1,9.610325813E0
2.346059153E2,2.633621916E-2,-1.197100878E-1,9.610325813E0
2.348570749E2,2.394201607E-2,-1.149216816E-1,9.600749016E0
2.351082651E2,1.197100803E-2,-1.149216816E-1,9.603142738E0
2.353594858E2,2.154781483E-2,-1.125274822E-1,9.610325813E0
2.356108896E2,1.915361360E-2,-1.197100878E-1,9.600749016E0
2.358621409E2,3.591302410E-2,-1.101332754E-1,9.607931137E0
2.361132395E2,1.675941236E-2,-1.244984865E-1,9.605537415E0
2.363643076E2,1.675941236E-2,-1.221042871E-1,9.600749016E0
2.366154978E2,2.154781483E-2,-1.173158810E-1,9.605537415E0
2.368665964E2,1.915361360E-2,-1.149216816E-1,9.605537415E0
2.371177256E2,2.633621916E-2,-1.197100878E-1,9.603142738E0
2.373687632E2,2.394201607E-2,-1.125274822E-1,9.603142738E0
2.376198313E2,1.915361360E-2,-1.197100878E-1,9.600749016E0
2.378711741E2,1.675941236E-2,-1.101332754E-1,9.605537415E0
2.381223032E2,2.154781483E-2,-1.101332754E-1,9.607931137E0
2.383734018E2,1.915361360E-2,-1.053448766E-1,9.617507935E0
2.386243784E2,2.633621916E-2,-1.077390760E-1,9.600749016E0
2.388754770E2,1.675941236E-2,-1.101332754E-1,9.600749016E0
2.391266367E2,2.394201607E-2,-1.292868853E-1,9.600749016E0
2.393777048E2,1.436521020E-2,-1.149216816E-1,9.598354340E0
2.396289560E2,2.154781483E-2,-1.221042871E-1,9.603142738E0
2.398803904E2,2.154781483E-2,-1.149216816E-1,9.607931137E0
2.401315500E2,1.436521020E-2,-1.173158810E-1,9.593565941E0
2.403824656E2,1.675941236E-2,-1.244984865E-1,9.607931137E0
2.406335947E2,3.351882473E-2,-1.197100878E-1,9.598354340E0
2.408846934E2,1.436521020E-2,-1.101332754E-1,9.612719536E0
2.411357615E2,2.394201607E-2,-1.173158810E-1,9.603142738E0
2.413867991E2,3.351882473E-2,-1.244984865E-1,9.615114212E0
2.416378977E2,2.633621916E-2,-1.149216816E-1,9.610325813E0
2.418889658E2,2.154781483E-2,-1.053448766E-1,9.600749016E0
2.421399729E2,3.112462163E-2,-1.244984865E-1,9.605537415E0
2.423910715E2,3.112462163E-2,-1.125274822E-1,9.605537415E0
2.426421091E2,1.436521020E-2,-1.125274822E-1,9.591172218E0
2.428930246E2,1.915361360E-2,-1.197100878E-1,9.607931137E0
2.431443064E2,1.197100803E-2,-1.077390760E-1,9.610325813E0
2.433954355E2,2.394201607E-2,-1.101332754E-1,9.610325813E0
2.436466257E2,1.675941236E-2,-1.101332754E-1,9.605537415E0
2.438978159E2,1.675941236E-2,-1.173158810E-1,9.605537415E0
2.441490366E2,1.197100803E-2,-1.149216816E-1,9.598354340E0
2.444003184E2,1.197100803E-2,-1.149216816E-1,9.603142738E0
2.446512949E2,1.675941236E-2,-1.197100878E-1,9.605537415E0
2.449022410E2,2.154781483E-2,-1.149216816E-1,9.598354340E0
2.451534311E2,2.154781483E-2,-1.173158810E-1,9.598354340E0
2.454043467E2,2.154781483E-2,-1.149216816E-1,9.603142738E0
2.456554148E2,2.394201607E-2,-1.221042871E-1,9.605537415E0
2.459066050E2,2.873042040E-2,-1.221042871E-1,9.610325813E0
2.461577952E2,3.112462163E-2,-1.125274822E-1,9.598354340E0
2.464089853E2,4.070143029E-2,-1.197100878E-1,9.610325813E0
2.466602060E2,1.915361360E-2,-1.125274822E-1,9.603142738E0
2.469110911E2,2.154781483E-2,-1.125274822E-1,9.610325813E0
2.471622507E2,1.915361360E-2,-1.221042871E-1,9.610325813E0
2.474134714E2,1.915361360E-2,-1.077390760E-1,9.617507935E0
2.476646616E2,2.394201607E-2,-1.149216816E-1,9.612719536E0
2.479156687E2,1.436521020E-2,-1.149216816E-1,9.610325813E0
2.481668589E2,2.394201607E-2,-1.149216816E-1,9.624691010E0
2.484180185E2,1.436521020E-2,-1.173158810E-1,9.617507935E0
2.486692087E2,2.633621916E-2,-1.221042871E-1,9.627084732E0
2.489203074E2,2.633621916E-2,-1.197100878E-1,9.636661530E0
2.491712534E2,2.394201607E-2,-1.029506698E-1,9.634267807E0
2.494223826E2,1.436521020E-2,-1.221042871E-1,9.622296333E0
2.496735727E2,2.154781483E-2,-1.101332754E-1,9.617507935E0
2.499247629E2,1.675941236E-2,-1.173158810E-1,9.615114212E0
2.501760447E2,2.873042040E-2,-1.173158810E-1,9.615114212E0
2.504272349E2,2.633621916E-2,-1.149216816E-1,9.612719536E0
2.506782114E2,2.633621916E-2,-1.173158810E-1,9.612719536E0
2.509294016E2,1.915361360E-2,-1.197100878E-1,9.615114212E0
2.511804392E2,2.154781483E-2,-1.101332754E-1,9.624691010E0
2.514317820E2,2.394201607E-2,-1.316810995E-1,9.617507935E0
2.516830942E2,1.675941236E-2,-1.101332754E-1,9.627084732E0
2.519342234E2,1.915361360E-2,-1.221042871E-1,9.605537415E0
2.521852915E2,2.873042040E-2,-1.125274822E-1,9.615114212E0
2.524365122E2,2.633621916E-2,-1.173158810E-1,9.612719536E0
2.526876108E2,2.394201607E-2,-1.244984865E-1,9.627084732E0
2.529387400E2,2.633621916E-2,-1.149216816E-1,9.622296333E0
2.531899912E2,2.154781483E-2,-1.173158810E-1,9.624691010E0
2.534409983E2,2.154781483E-2,-1.125274822E-1,9.629479408E0
2.536922495E2,1.915361360E-2,-1.125274822E-1,9.615114212E0
2.539433787E2,3.112462163E-2,-1.101332754E-1,9.610325813E0
2.541942331E2,2.394201607E-2,-1.173158810E-1,9.617507935E0
2.544455454E2,2.394201607E-2,-1.292868853E-1,9.622296333E0
2.546967356E2,2.154781483E-2,-1.101332754E-1,9.617507935E0
2.549478647E2,1.197100803E-2,-1.077390760E-1,9.615114212E0
2.551990244E2,1.915361360E-2,-1.244984865E-1,9.627084732E0
2.554501536E2,2.394201607E-2,-1.173158810E-1,9.615114212E0
2.557016184E2,3.591302410E-2,-1.101332754E-1,9.622296333E0
2.559525950E2,2.633621916E-2,-1.221042871E-1,9.610325813E0
2.562037241E2,1.675941236E-2,-1.244984865E-1,9.622296333E0
2.564547617E2,1.675941236E-2,-1.244984865E-1,9.615114212E0
2.567059824E2,2.394201607E-2,-1.149216816E-1,9.615114212E0
2.569572642E2,1.436521020E-2,-1.125274822E-1,9.617507935E0
2.572083323E2,2.633621916E-2,-1.173158810E-1,9.617507935E0
2.574593699E2,2.633621916E-2,-1.197100878E-1,9.610325813E0
2.577103159E2,2.394201607E-2,-1.077390760E-1,9.615114212E0
2.579613882E2,1.915361360E-2,-1.173158810E-1,9.615114212E0
2.582127309E2,1.675941236E-2,-1.149216816E-1,9.617507935E0
2.584638601E2,1.675941236E-2,-1.125274822E-1,9.612719536E0
2.587148366E2,2.394201607E-2,-1.125274822E-1,9.612719536E0
2.589660879E2,1.915361360E-2,-1.197100878E-1,9.619902611E0
2.592173391E2,2.154781483E-2,-1.149216816E-1,9.610325813E0
2.594684072E2,1.436521020E-2,-1.268926859E-1,9.610325813E0
2.597195058E2,2.154781483E-2,-1.244984865E-1,9.612719536E0
2.599706350E2,1.675941236E-2,-1.101332754E-1,9.619902611E0
2.602216421E2,2.633621916E-2,-1.221042871E-1,9.617507935E0
2.604728323E2,2.873042040E-2,-1.292868853E-1,9.619902611E0
2.607241750E2,3.351882473E-2,-1.221042871E-1,9.610325813E0
2.609751516E2,1.675941236E-2,-1.221042871E-1,9.610325813E0
2.612259145E2,2.873042040E-2,-1.149216816E-1,9.605537415E0
2.614771352E2,2.633621916E-2,-1.244984865E-1,9.607931137E0
2.617281423E2,1.675941236E-2,-1.221042871E-1,9.603142738E0
2.619793325E2,9.576806799E-3,-1.173158810E-1,9.607931137E0
2.622301870E2,1.915361360E-2,-1.149216816E-1,9.607931137E0
2.624813772E2,1.436521020E-2,-1.029506698E-1,9.595960617E0
2.627324758E2,2.873042040E-2,-1.221042871E-1,9.607931137E0
2.629836355E2,2.394201607E-2,-1.077390760E-1,9.617507935E0
2.632346426E2,1.675941236E-2,-1.149216816E-1,9.612719536E0
2.634856191E2,2.154781483E-2,-1.101332754E-1,9.612719536E0
2.637366872E2,9.576806799E-3,-1.101332754E-1,9.600749016E0
2.639879385E2,2.633621916E-2,-1.125274822E-1,9.598354340E0
2.642390066E2,1.915361360E-2,-1.125274822E-1,9.600749016E0
2.644901052E2,1.915361360E-2,-1.173158810E-1,9.607931137E0
2.647412344E2,2.394201607E-2,-1.197100878E-1,9.612719536E0
2.649924856E2,2.154781483E-2,-1.197100878E-1,9.619902611E0
2.652435537E2,1.675941236E-2,-1.173158810E-1,9.617507935E0
2.654946828E2,1.675941236E-2,-1.173158810E-1,9.622296333E0
2.657456289E2,1.675941236E-2,-1.125274822E-1,9.629479408E0
2.659968191E2,2.633621916E-2,-1.221042871E-1,9.607931137E0
2.662479482E2,2.154781483E-2,-1.053448766E-1,9.610325813E0
2.664991689E2,2.633621916E-2,-1.244984865E-1,9.622296333E0
2.667503896E2,3.112462163E-2,-1.125274822E-1,9.610325813E0
2.670016408E2,1.436521020E-2,-1.221042871E-1,9.612719536E0
2.672526479E2,2.154781483E-2,-1.244984865E-1,9.607931137E0
2.675036245E2,2.633621916E-2,-1.173158810E-1,9.612719536E0
2.677546621E2,2.154781483E-2,-1.173158810E-1,9.603142738E0
2.680057302E2,3.112462163E-2,-1.149216816E-1,9.617507935E0
2.682568288E2,1.915361360E-2,-1.197100878E-1,9.615114212E0
2.685080495E2,2.394201607E-2,-1.197100878E-1,9.612719536E0
2.687594839E2,2.154781483E-2,-1.221042871E-1,9.615114212E0
2.690105520E2,1.675941236E-2,-1.077390760E-1,9.607931137E0
2.692618337E2,2.873042040E-2,-1.101332754E-1,9.612719536E0
2.695130849E2,2.633621916E-2,-1.221042871E-1,9.619902611E0
2.697640734E2,2.394201607E-2,-1.197100878E-1,9.605537415E0
2.700149890E2,1.675941236E-2,-1.221042871E-1,9.607931137E0
2.702662707E2,2.633621916E-2,-1.173158810E-1,9.607931137E0
2.705174304E2,1.197100803E-2,-1.173158810E-1,9.603142738E0
2.707683764E2,1.915361360E-2,-1.197100878E-1,9.610325813E0
2.710195361E2,2.873042040E-2,-1.149216816E-1,9.610325813E0
2.712706347E2,1.197100803E-2,-1.125274822E-1,9.607931137E0
2.715216113E2,2.873042040E-2,-1.101332754E-1,9.610325813E0
2.717729235E2,2.154781483E-2,-1.221042871E-1,9.603142738E0
2.720240832E2,1.915361360E-2,-1.221042871E-1,9.607931137E0
2.722751818E2,2.394201607E-2,-1.173158810E-1,9.615114212E0
2.725261584E2,2.154781483E-2,-1.101332754E-1,9.605537415E0
2.727772265E2,1.675941236E-2,-1.221042871E-1,9.607931137E0
2.730285083E2,1.915361360E-2,-1.221042871E-1,9.627084732E0
2.732795459E2,2.394201607E-2,-1.268926859E-1,9.622296333E0
2.735306750E2,2.394201607E-2,-1.125274822E-1,9.610325813E0
2.737815600E2,1.436521020E-2,-1.173158810E-1,9.610325813E0
2.740327807E2,1.915361360E-2,-1.173158810E-1,9.610325813E0
2.742840930E2,2.394201607E-2,-1.197100878E-1,9.612719536E0
2.745351611E2,1.915361360E-2,-1.173158810E-1,9.612719536E0
2.747862902E2,2.873042040E-2,-1.173158810E-1,9.615114212E0
2.750374804E2,1.675941236E-2,-1.221042871E-1,9.607931137E0
2.752885485E2,9.576806799E-3,-1.173158810E-1,9.607931137E0
2.755395861E2,2.154781483E-2,-1.149216816E-1,9.612719536E0
2.757908374E2,2.154781483E-2,-1.125274822E-1,9.603142738E0
2.760420275E2,1.675941236E-2,-1.173158810E-1,9.617507935E0
2.762931872E2,2.873042040E-2,-1.221042871E-1,9.607931137E0
2.765441333E2,2.154781483E-2,-1.173158810E-1,9.617507935E0
2.767953234E2,2.633621916E-2,-1.101332754E-1,9.607931137E0
2.770465136E2,2.633621916E-2,-1.197100878E-1,9.615114212E0
2.772976428E2,1.675941236E-2,-1.077390760E-1,9.610325813E0
2.775489245E2,2.154781483E-2,-1.149216816E-1,9.622296333E0
2.777999621E2,2.394201607E-2,-1.149216816E-1,9.612719536E0
2.780509997E2,2.154781483E-2,-1.125274822E-1,9.622296333E0
2.783022509E2,1.915361360E-2,-1.173158810E-1,9.615114212E0
2.785532275E2,2.633621916E-2,-1.149216816E-1,9.619902611E0
2.788041125E2,1.915361360E-2,-1.101332754E-1,9.607931137E0
2.790550585E2,1.675941236E-2,-1.221042871E-1,9.607931137E0
2.793061877E2,2.154781483E-2,-1.149216816E-1,9.615114212E0
2.795571948E2,1.197100803E-2,-1.197100878E-1,9.610325813E0
2.798083544E2,2.394201607E-2,-1.173158810E-1,9.612719536E0
2.800593615E2,3.351882473E-2,-1.221042871E-1,9.615114212E0
2.803106127E2,2.154781483E-2,-1.244984865E-1,9.600749016E0
2.805615588E2,1.915361360E-2,-1.101332754E-1,9.605537415E0
2.808124438E2,2.154781483E-2,-1.292868853E-1,9.624691010E0
2.810636645E2,1.436521020E-2,-1.292868853E-1,9.619902611E0
2.813147021E2,2.394201607E-2,-1.173158810E-1,9.634267807E0
2.815658007E2,3.112462163E-2,-1.173158810E-1,9.612719536E0
2.818169909E2,1.675941236E-2,-1.173158810E-1,9.612719536E0
2.820680896E2,2.394201607E-2,-1.221042871E-1,9.612719536E0
2.823192187E2,2.394201607E-2,-1.101332754E-1,9.612719536E0
2.825706225E2,1.436521020E-2,-1.221042871E-1,9.619902611E0
2.828216906E2,1.915361360E-2,-1.173158810E-1,9.612719536E0
2.830726977E2,2.873042040E-2,-1.173158810E-1,9.612719536E0
2.833238269E2,2.154781483E-2,-1.149216816E-1,9.622296333E0
2.835749255E2,1.915361360E-2,-1.197100878E-1,9.607931137E0
2.838260852E2,2.154781483E-2,-1.221042871E-1,9.617507935E0
2.840772143E2,1.915361360E-2,-1.197100878E-1,9.612719536E0
2.843283129E2,2.394201607E-2,-1.221042871E-1,9.617507935E0
2.845794421E2,2.873042040E-2,-1.221042871E-1,9.622296333E0
2.848306018E2,1.915361360E-2,-1.244984865E-1,9.612719536E0
2.850817004E2,2.873042040E-2,-1.173158810E-1,9.603142738E0
2.853328906E2,1.915361360E-2,-1.125274822E-1,9.610325813E0
2.855838977E2,2.633621916E-2,-1.173158810E-1,9.612719536E0
2.858352099E2,2.633621916E-2,-1.125274822E-1,9.607931137E0
2.860864001E2,2.154781483E-2,-1.077390760E-1,9.612719536E0
2.863376818E2,3.591302410E-2,-1.077390760E-1,9.612719536E0
2.865889025E2,1.915361360E-2,-1.173158810E-1,9.612719536E0
2.868399096E2,2.154781483E-2,-1.149216816E-1,9.615114212E0
2.870910083E2,2.154781483E-2,-1.149216816E-1,9.615114212E0
2.873420153E2,1.915361360E-2,-1.173158810E-1,9.617507935E0
2.875933886E2,2.154781483E-2,-1.197100878E-1,9.612719536E0
2.878445178E2,2.394201607E-2,-1.125274822E-1,9.605537415E0
2.880957385E2,2.633621916E-2,-1.173158810E-1,9.607931137E0
2.883468981E2,1.915361360E-2,-1.101332754E-1,9.617507935E0
2.885980273E2,1.436521020E-2,-1.101332754E-1,9.612719536E0
2.888491259E2,2.633621916E-2,-1.221042871E-1,9.612719536E0
2.891001330E2,2.154781483E-2,-1.125274822E-1,9.619902611E0
2.893512011E2,1.675941236E-2,-1.244984865E-1,9.610325813E0
2.896022998E2,1.675941236E-2,-1.197100878E-1,9.612719536E0
2.898534289E2,2.154781483E-2,-1.173158810E-1,9.612719536E0
2.901046801E2,2.873042040E-2,-1.244984865E-1,9.615114212E0
2.903557788E2,9.576806799E-3,-1.149216816E-1,9.612719536E0
2.906068147E2,2.154781483E-2,-1.197100878E-1,9.610325813E0
2.908579439E2,2.633621916E-2,-1.077390760E-1,9.605537415E0
2.911091340E2,1.675941236E-2,-1.173158810E-1,9.612719536E0
2.913603853E2,2.154781483E-2,-1.077390760E-1,9.615114212E0
2.916117280E2,2.154781483E-2,-1.197100878E-1,9.612719536E0
2.918626436E2,1.915361360E-2,-1.077390760E-1,9.600749016E0
2.921137422E2,1.197100803E-2,-1.173158810E-1,9.612719536E0
2.923647798E2,2.154781483E-2,-1.149216816E-1,9.615114212E0
2.926158479E2,2.394201607E-2,-1.173158810E-1,9.607931137E0
2.928671907E2,2.633621916E-2,-1.077390760E-1,9.603142738E0
2.931182893E2,1.915361360E-2,-1.268926859E-1,9.615114212E0
2.933693574E2,1.915361360E-2,-1.244984865E-1,9.615114212E0
2.936203950E2,2.873042040E-2,-1.149216816E-1,9.612719536E0
2.938714326E2,1.915361360E-2,-1.244984865E-1,9.610325813E0
2.941225007E2,2.633621916E-2,-1.173158810E-1,9.619902611E0
2.943736909E2,2.154781483E-2,-1.173158810E-1,9.610325813E0
2.946249727E2,1.197100803E-2,-1.197100878E-1,9.603142738E0
2.948760713E2,1.915361360E-2,-1.221042871E-1,9.607931137E0
2.951272920E2,2.394201607E-2,-1.101332754E-1,9.605537415E0
2.953783906E2,2.154781483E-2,-1.101332754E-1,9.617507935E0
2.956293977E2,1.675941236E-2,-1.197100878E-1,9.612719536E0
2.958803438E2,1.915361360E-2,-1.101332754E-1,9.607931137E0
2.961317170E2,2.394201607E-2,-1.149216816E-1,9.612719536E0
2.963829378E2,1.197100803E-2,-1.173158810E-1,9.607931137E0
2.966341279E2,2.873042040E-2,-1.221042871E-1,9.615114212E0
2.968854097E2,1.915361360E-2,-1.173158810E-1,9.617507935E0
2.971365083E2,2.633621916E-2,-1.149216816E-1,9.619902611E0
2.973877290E2,2.873042040E-2,-1.244984865E-1,9.612719536E0
2.976387971E2,2.154781483E-2,-1.101332754E-1,9.617507935E0
2.978900178E2,2.873042040E-2,-1.244984865E-1,9.605537415E0
2.981412080E2,2.633621916E-2,-1.221042871E-1,9.615114212E0
2.983922456E2,1.915361360E-2,-1.197100878E-1,9.619902611E0
2.986434663E2,2.633621916E-2,-1.197100878E-1,9.610325813E0
2.988944734E2,2.873042040E-2,-1.125274822E-1,9.617507935E0
2.991456331E2,1.915361360E-2,-1.077390760E-1,9.612719536E0
2.993967927E2,2.154781483E-2,-1.173158810E-1,9.605537415E0
2.996479829E2,2.154781483E-2,-1.125274822E-1,9.610325813E0
