"Time (s)","Gyroscope x (rad/s)","Gyroscope y (rad/s)","Gyroscope z (rad/s)"
2.539062500E-2,-2.130528912E-3,0.000000000E0,-4.793690052E-3
2.763366700E-1,5.326322280E-4,-1.065264456E-3,-1.597896684E-3
5.274658200E-1,-2.130528912E-3,-1.065264456E-3,-2.130528912E-3
7.785644530E-1,5.326322280E-4,1.065264456E-3,-5.326322280E-4
1.029571533E0,0.000000000E0,1.065264456E-3,-5.326322280E-4
1.280761719E0,-1.065264456E-3,5.326322280E-4,-2.663161140E-3
1.531860351E0,0.000000000E0,1.065264456E-3,1.597896684E-3
1.782989502E0,-5.326322280E-4,5.326322280E-4,-2.663161140E-3
2.034149170E0,-2.663161140E-3,-1.065264456E-3,-1.065264456E-3
2.285156250E0,-1.065264456E-3,2.130528912E-3,-1.597896684E-3
2.536254883E0,1.065264456E-3,-1.065264456E-3,3.195793368E-3
2.787322998E0,-3.728425596E-3,-5.326322280E-4,-3.728425596E-3
3.038513183E0,5.326322280E-4,0.000000000E0,2.663161140E-3
3.289642334E0,-2.663161140E-3,1.597896684E-3,5.326322280E-4
3.540893554E0,2.130528912E-3,2.663161140E-3,-5.326322280E-4
3.792083740E0,5.326322280E-4,-1.065264456E-3,0.000000000E0
4.043212890E0,1.597896684E-3,2.130528912E-3,3.728425596E-3
4.294494629E0,-5.326322280E-4,-2.130528912E-3,2.663161140E-3
4.545745849E0,0.000000000E0,2.130528912E-3,-1.597896684E-3
4.796997070E0,2.130528912E-3,-1.065264456E-3,-2.130528912E-3
5.047973633E0,5.326322280E-4,2.663161140E-3,-5.326322280E-4
5.298919678E0,2.130528912E-3,0.000000000E0,1.597896684E-3
5.550048828E0,1.065264456E-3,-1.065264456E-3,-2.130528912E-3
5.801086426E0,-1.065264456E-3,-1.597896684E-3,-2.130528912E-3
6.052276611E0,-5.326322280E-4,-2.130528912E-3,-2.130528912E-3
6.303253174E0,-2.130528912E-3,1.065264456E-3,0.000000000E0
6.554443359E0,-5.326322280E-4,5.326322280E-4,-5.326322280E-4
6.805603027E0,0.000000000E0,4.261057824E-3,1.597896684E-3
7.057098388E0,-3.195793368E-3,1.065264456E-3,-1.597896684E-3
7.308197021E0,1.597896684E-3,3.195793368E-3,0.000000000E0
7.559204101E0,-1.597896684E-3,2.130528912E-3,2.130528912E-3
7.810546875E0,-5.326322280E-4,0.000000000E0,0.000000000E0
8.061857399E0,3.195793368E-3,5.326322280E-4,1.597896684E-3
8.312925514E0,3.195793368E-3,3.195793368E-3,5.326322280E-4
8.564085182E0,3.728425596E-3,0.000000000E0,3.728425596E-3
8.815153298E0,2.130528912E-3,0.000000000E0,-5.326322280E-4
9.066435036E0,-3.195793368E-3,-5.326322280E-4,1.065264456E-3
9.317777809E0,1.597896684E-3,-2.663161140E-3,-1.065264456E-3
9.568967995E0,-1.065264456E-3,-1.065264456E-3,-5.326322280E-3
9.819944557E0,-1.065264456E-3,-2.663161140E-3,1.597896684E-3
1.007107371E1,-2.130528912E-3,5.326322280E-4,0.000000000E0
1.032217234E1,-1.597896684E-3,5.326322280E-4,-5.326322280E-4
1.057317942E1,-5.326322280E-4,-1.065264456E-3,-1.065264456E-3
1.082430857E1,-2.130528912E-3,0.000000000E0,-5.326322280E-4
1.107534617E1,5.326322280E-4,0.000000000E0,1.065264456E-3
1.132653635E1,-5.326322280E-4,-1.065264456E-3,0.000000000E0
1.157757395E1,3.195793368E-3,0.000000000E0,0.000000000E0
1.182845896E1,5.326322280E-4,0.000000000E0,-1.065264456E-3
1.207940501E1,5.326322280E-4,1.065264456E-3,-1.597896684E-3
1.233041209E1,-1.065264456E-3,-1.597896684E-3,-1.065264456E-3
1.258154124E1,5.326322280E-4,6.391586736E-3,0.000000000E0
1.283248728E1,0.000000000E0,-1.065264456E-3,1.065264456E-3
1.308349436E1,2.130528912E-3,1.597896684E-3,2.130528912E-3
1.333453196E1,1.597896684E-3,-3.728425596E-3,-1.597896684E-3
1.358572214E1,5.326322280E-4,0.000000000E0,-2.130528912E-3
1.383682078E1,2.130528912E-3,1.597896684E-3,-2.663161140E-3
1.408816355E1,-5.326322280E-4,-5.326322280E-4,-1.597896684E-3
1.433929270E1,0.000000000E0,0.000000000E0,-3.195793368E-3
1.459045237E1,5.326322280E-4,2.663161140E-3,1.597896684E-3
1.484145945E1,-1.065264456E-3,-3.195793368E-3,-2.663161140E-3
1.509264964E1,-1.065264456E-3,-1.065264456E-3,1.065264456E-3
1.534377879E1,1.065264456E-3,5.326322280E-4,-5.326322280E-4
1.559509104E1,-5.326322280E-4,-1.065264456E-3,1.597896684E-3
1.584612864E1,-1.065264456E-3,1.065264456E-3,-2.663161140E-3
1.609741038E1,0.000000000E0,0.000000000E0,-5.326322280E-4
1.634857005E1,0.000000000E0,2.663161140E-3,1.597896684E-3
1.659966868E1,1.597896684E-3,1.597896684E-3,1.065264456E-3
1.685076731E1,1.065264456E-3,0.000000000E0,-5.326322280E-4
1.710207957E1,-5.326322280E-4,0.000000000E0,-1.597896684E-3
1.735330027E1,-2.663161140E-3,0.000000000E0,0.000000000E0
1.760442942E1,1.065264456E-3,-1.597896684E-3,-1.065264456E-3
1.785549754E1,-5.326322280E-4,1.597896684E-3,0.000000000E0
1.810656565E1,0.000000000E0,5.326322280E-4,0.000000000E0
1.835781687E1,0.000000000E0,-1.065264456E-3,5.326322280E-4
1.860876292E1,-3.728425596E-3,-1.597896684E-3,-1.597896684E-3
1.885986155E1,5.326322280E-4,-2.663161140E-3,-2.130528912E-3
1.911108225E1,-2.663161140E-3,1.065264456E-3,-1.065264456E-3
1.936224192E1,-1.065264456E-3,-1.597896684E-3,5.326322280E-4
1.961340159E1,-5.326322280E-4,5.326322280E-4,0.000000000E0
1.986453074E1,0.000000000E0,-2.130528912E-3,-5.326322280E-4
2.011572092E1,1.065264456E-3,-2.130528912E-3,2.130528912E-3
2.036685008E1,-1.597896684E-3,0.000000000E0,-2.130528912E-3
2.061807078E1,-1.065264456E-3,-3.728425596E-3,5.326322280E-4
2.086910838E1,-2.130528912E-3,-2.663161140E-3,-2.130528912E-3
2.112023753E1,1.597896684E-3,-5.326322280E-4,2.663161140E-3
2.137130564E1,-1.065264456E-3,1.597896684E-3,-5.326322280E-4
2.162264842E1,0.000000000E0,0.000000000E0,-5.326322280E-4
2.187393015E1,5.326322280E-4,0.000000000E0,1.597896684E-3
2.212496775E1,-1.065264456E-3,-4.793690052E-3,0.000000000E0
2.237621897E1,0.000000000E0,-2.130528912E-3,-1.597896684E-3
2.262734812E1,-5.326322280E-4,-1.065264456E-3,-3.195793368E-3
2.287869090E1,-1.597896684E-3,5.326322280E-4,-5.326322280E-4
2.312982005E1,-5.326322280E-4,5.326322280E-4,-2.130528912E-3
2.338101023E1,3.728425596E-3,1.065264456E-3,5.326322280E-4
2.363195628E1,1.597896684E-3,-2.130528912E-3,2.130528912E-3
2.388299387E1,1.597896684E-3,-5.326322280E-4,-5.326322280E-4
2.413442820E1,0.000000000E0,0.000000000E0,0.000000000E0
2.438564890E1,1.065264456E-3,-5.326322280E-4,0.000000000E0
2.463696116E1,2.130528912E-3,2.130528912E-3,1.597896684E-3
2.488818186E1,-1.065264456E-3,-2.663161140E-3,-1.065264456E-3
2.513940256E1,-2.663161140E-3,5.326322280E-4,0.000000000E0
2.539065379E1,1.065264456E-3,-5.326322280E-4,-1.065264456E-3
2.564184397E1,-5.326322280E-4,-1.065264456E-3,-1.597896684E-3
2.589279002E1,-5.326322280E-4,-5.326322280E-3,0.000000000E0
2.614388865E1,5.326322280E-4,-5.326322280E-4,-1.065264456E-3
2.639501780E1,-1.597896684E-3,0.000000000E0,-1.597896684E-3
2.664629954E1,-1.597896684E-3,0.000000000E0,0.000000000E0
2.689727610E1,-1.597896684E-3,-5.326322280E-4,-5.326322280E-4
2.714816111E1,-2.130528912E-3,1.597896684E-3,1.065264456E-3
2.739947337E1,2.663161140E-3,5.326322280E-4,0.000000000E0
2.765078562E1,5.326322280E-4,-5.326322280E-4,5.326322280E-4
2.790182322E1,-5.326322280E-4,-1.065264456E-3,0.000000000E0
2.815295237E1,-2.130528912E-3,1.065264456E-3,1.065264456E-3
2.840417307E1,1.065264456E-3,5.326322280E-4,2.663161140E-3
2.865524119E1,-2.663161140E-3,1.065264456E-3,0.000000000E0
2.890655344E1,-2.130528912E-3,1.065264456E-3,1.597896684E-3
2.915756052E1,-5.326322280E-4,5.326322280E-4,0.000000000E0
2.940853709E1,-2.130528912E-3,5.326322280E-4,-1.597896684E-3
2.965951365E1,-5.326322280E-4,5.326322280E-4,-1.597896684E-3
2.991076487E1,-2.130528912E-3,0.000000000E0,-1.065264456E-3
3.016186350E1,1.597896684E-3,-2.130528912E-3,2.130528912E-3
3.041296214E1,0.000000000E0,-1.065264456E-3,-5.326322280E-4
3.066409129E1,5.326322280E-4,0.000000000E0,1.597896684E-3
3.091522044E1,-1.065264456E-3,2.130528912E-3,-5.326322280E-4
3.116647166E1,-5.326322280E-4,-1.597896684E-3,-3.195793368E-3
3.141769236E1,-1.065264456E-3,2.663161140E-3,-1.065264456E-3
3.166882151E1,0.000000000E0,5.326322280E-4,-1.597896684E-3
3.192016428E1,0.000000000E0,0.000000000E0,0.000000000E0
3.217114085E1,5.326322280E-4,5.326322280E-4,-1.065264456E-3
3.242248362E1,-2.663161140E-3,-5.326322280E-4,-2.663161140E-3
3.267355174E1,1.065264456E-3,-1.597896684E-3,-5.326322280E-4
3.292468089E1,-1.065264456E-3,1.597896684E-3,-5.326322280E-4
3.317590159E1,-2.130528912E-3,2.130528912E-3,0.000000000E0
3.342715281E1,-5.326322280E-4,5.326322280E-4,2.130528912E-3
3.367837351E1,2.130528912E-3,1.597896684E-3,-1.065264456E-3
3.392956370E1,2.130528912E-3,-2.130528912E-3,-1.065264456E-3
3.418075388E1,1.065264456E-3,1.065264456E-3,3.195793368E-3
3.443188303E1,-3.195793368E-3,-1.065264456E-3,-1.597896684E-3
3.468325632E1,-1.065264456E-3,-5.326322280E-4,-1.065264456E-3
3.493441599E1,5.326322280E-4,5.326322280E-4,-5.326322280E-4
3.518572825E1,-5.326322280E-4,-2.130528912E-3,-5.326322280E-4
3.543688792E1,0.000000000E0,1.597896684E-3,-1.065264456E-3
3.568795603E1,-1.597896684E-3,-5.326322280E-4,-5.326322280E-4
3.593905466E1,0.000000000E0,5.326322280E-4,3.728425596E-3
3.619027537E1,1.065264456E-3,-1.065264456E-3,3.195793368E-3
3.644152659E1,-1.065264456E-3,0.000000000E0,-5.326322280E-4
3.669286936E1,0.000000000E0,1.597896684E-3,-1.065264456E-3
3.694396800E1,5.326322280E-4,1.065264456E-3,1.065264456E-3
3.719509715E1,-1.065264456E-3,-1.065264456E-3,0.000000000E0
3.744619578E1,-1.597896684E-3,1.597896684E-3,2.130528912E-3
3.769744700E1,0.000000000E0,-5.326322280E-4,1.065264456E-3
3.794857615E1,5.326322280E-4,-5.326322280E-4,0.000000000E0
3.819943064E1,0.000000000E0,0.000000000E0,5.326322280E-4
3.845080393E1,0.000000000E0,1.065264456E-3,-1.065264456E-3
3.870211619E1,1.065264456E-3,-2.663161140E-3,0.000000000E0
3.895327586E1,-2.663161140E-3,-1.597896684E-3,1.597896684E-3
3.920464915E1,-1.065264456E-3,-1.065264456E-3,0.000000000E0
3.945580882E1,-5.326322280E-4,5.326322280E-4,-2.130528912E-3
3.970712107E1,0.000000000E0,-1.597896684E-3,0.000000000E0
3.995834177E1,1.065264456E-3,-2.130528912E-3,0.000000000E0
4.020934885E1,5.326322280E-4,3.195793368E-3,0.000000000E0
4.046063059E1,-1.065264456E-3,1.065264456E-3,-2.663161140E-3
4.071148594E1,0.000000000E0,-1.065264456E-3,0.000000000E0
4.096273716E1,1.065264456E-3,-2.130528912E-3,-5.326322280E-4
4.121374424E1,5.326322280E-4,2.130528912E-3,1.065264456E-3
4.146481235E1,0.000000000E0,1.597896684E-3,5.326322280E-4
4.171600254E1,-1.065264456E-3,0.000000000E0,0.000000000E0
4.196731480E1,0.000000000E0,1.597896684E-3,0.000000000E0
4.221859653E1,0.000000000E0,-1.065264456E-3,-1.065264456E-3
4.246978672E1,-2.663161140E-3,1.597896684E-3,0.000000000E0
4.272085483E1,-1.597896684E-3,1.597896684E-3,-1.065264456E-3
4.297216709E1,5.326322280E-4,-1.597896684E-3,5.326322280E-4
4.322344883E1,2.663161140E-3,-5.326322280E-4,0.000000000E0
4.347463901E1,5.326322280E-4,0.000000000E0,0.000000000E0
4.372564609E1,1.065264456E-3,0.000000000E0,-1.065264456E-3
4.397665317E1,-5.326322280E-4,1.065264456E-3,-1.597896684E-3
4.422787388E1,0.000000000E0,1.065264456E-3,5.326322280E-4
4.447915562E1,0.000000000E0,0.000000000E0,0.000000000E0
4.473019321E1,1.597896684E-3,1.597896684E-3,-1.065264456E-3
4.498147495E1,-5.326322280E-4,-5.326322280E-4,1.597896684E-3
4.523242100E1,-1.065264456E-3,3.195793368E-3,5.326322280E-4
4.548364170E1,5.326322280E-4,1.065264456E-3,-1.065264456E-3
4.573489292E1,0.000000000E0,1.597896684E-3,5.326322280E-4
4.598605259E1,0.000000000E0,5.326322280E-4,-1.065264456E-3
4.623736484E1,-1.065264456E-3,5.326322280E-4,1.597896684E-3
4.648828037E1,-1.065264456E-3,-5.326322280E-4,-1.065264456E-3
4.673962314E1,5.326322280E-4,-5.326322280E-4,0.000000000E0
4.699075230E1,2.130528912E-3,1.597896684E-3,1.065264456E-3
4.724215610E1,-1.597896684E-3,-5.326322280E-4,-5.326322280E-4
4.749346836E1,-1.597896684E-3,-1.597896684E-3,-1.065264456E-3
4.774456699E1,-3.195793368E-3,-2.130528912E-3,-2.130528912E-3
4.799578770E1,1.065264456E-3,5.326322280E-4,-5.326322280E-4
4.824694736E1,2.130528912E-3,5.326322280E-4,1.065264456E-3
4.849813755E1,5.326322280E-4,1.597896684E-3,-5.326322280E-4
4.874935825E1,2.130528912E-3,-5.326322280E-4,-5.326322280E-4
4.900036533E1,-2.663161140E-3,0.000000000E0,0.000000000E0
4.925140293E1,1.597896684E-3,-2.663161140E-3,-5.326322280E-4
4.950247104E1,-1.597896684E-3,1.065264456E-3,-1.597896684E-3
4.975366123E1,-3.195793368E-3,-1.065264456E-3,5.326322280E-4
5.000497349E1,-4.261057824E-3,5.326322280E-4,0.000000000E0
5.025607212E1,0.000000000E0,-1.065264456E-3,-3.728425596E-3
5.050720127E1,-2.663161140E-3,5.326322280E-4,-1.597896684E-3
5.075854404E1,1.065264456E-3,1.597896684E-3,-3.195793368E-3
5.100967319E1,1.597896684E-3,-1.065264456E-3,0.000000000E0
5.126110752E1,-5.326322280E-4,-5.326322280E-4,-3.195793368E-3
5.151238926E1,1.065264456E-3,5.326322280E-4,-5.326322280E-4
5.176348789E1,0.000000000E0,5.326322280E-4,-2.130528912E-3
5.201498325E1,5.326322280E-4,5.326322280E-4,-1.597896684E-3
5.226611240E1,-1.065264456E-3,-5.326322280E-4,-5.326322280E-4
5.251751621E1,-1.597896684E-3,1.065264456E-3,0.000000000E0
5.276870640E1,-1.597896684E-3,0.000000000E0,-1.597896684E-3
5.301971348E1,2.130528912E-3,-5.326322280E-4,-5.326322280E-4
5.327084263E1,-3.195793368E-3,-1.065264456E-3,-5.326322280E-4
5.352194126E1,-1.597896684E-3,-5.326322280E-4,-2.130528912E-3
5.377316196E1,0.000000000E0,1.065264456E-3,1.597896684E-3
5.402444370E1,1.597896684E-3,-5.326322280E-4,-1.065264456E-3
5.427532871E1,1.597896684E-3,-5.326322280E-4,0.000000000E0
5.452648838E1,0.000000000E0,0.000000000E0,0.000000000E0
5.477761753E1,-1.065264456E-3,5.326322280E-4,-1.065264456E-3
5.502880772E1,-1.065264456E-3,-5.326322280E-4,1.065264456E-3
5.527996738E1,0.000000000E0,4.261057824E-3,1.597896684E-3
5.553097446E1,-1.065264456E-3,0.000000000E0,0.000000000E0
5.578213413E1,0.000000000E0,0.000000000E0,-1.597896684E-3
5.603332432E1,0.000000000E0,-1.597896684E-3,-2.663161140E-3
5.628469761E1,1.065264456E-3,5.326322280E-4,-2.130528912E-3
5.653579624E1,-5.326322280E-4,1.597896684E-3,5.326322280E-4
5.678704746E1,1.065264456E-3,1.065264456E-3,2.130528912E-3
5.703826816E1,-2.663161140E-3,0.000000000E0,-1.065264456E-3
5.728933628E1,-2.130528912E-3,5.326322280E-4,0.000000000E0
5.754058750E1,0.000000000E0,0.000000000E0,2.663161140E-3
5.779168613E1,0.000000000E0,-1.065264456E-3,1.597896684E-3
5.804290684E1,5.326322280E-4,1.065264456E-3,2.130528912E-3
5.829385288E1,-1.065264456E-3,0.000000000E0,-5.326322280E-4
5.854501255E1,5.326322280E-4,-5.326322280E-4,-1.065264456E-3
5.879617222E1,-2.130528912E-3,-5.326322280E-4,5.326322280E-4
5.904724033E1,-1.597896684E-3,1.065264456E-3,-2.130528912E-3
5.929849155E1,-5.326322280E-4,-1.065264456E-3,-2.130528912E-3
5.954937656E1,-1.065264456E-3,-5.326322280E-4,-2.130528912E-3
5.980050571E1,1.597896684E-3,1.065264456E-3,5.326322280E-4
6.005166538E1,1.065264456E-3,-5.326322280E-4,1.065264456E-3
6.030288608E1,1.065264456E-3,2.130528912E-3,-5.326322280E-4
6.055401524E1,0.000000000E0,1.065264456E-3,-1.065264456E-3
6.080529697E1,-1.597896684E-3,0.000000000E0,-2.663161140E-3
6.105673130E1,5.326322280E-4,5.326322280E-4,-1.065264456E-3
6.130767734E1,1.065264456E-3,-5.326322280E-4,0.000000000E0
6.155883701E1,0.000000000E0,-1.597896684E-3,0.000000000E0
6.180987461E1,-2.130528912E-3,-2.130528912E-3,1.065264456E-3
6.206097324E1,-1.597896684E-3,-1.065264456E-3,-5.326322280E-4
6.231234653E1,-1.597896684E-3,-1.597896684E-3,-1.065264456E-3
6.256347568E1,1.065264456E-3,5.326322280E-4,-5.326322280E-4
6.281460483E1,-1.597896684E-3,5.326322280E-4,-5.326322280E-4
6.306570347E1,0.000000000E0,5.326322280E-4,-5.326322280E-4
6.331719883E1,-5.326322280E-4,-1.597896684E-3,-3.195793368E-3
6.356832798E1,5.326322280E-4,-5.326322280E-4,5.326322280E-4
6.381939609E1,-1.597896684E-3,-1.065264456E-3,0.000000000E0
6.407061680E1,-5.326322280E-4,1.597896684E-3,-1.597896684E-3
6.432180698E1,1.597896684E-3,0.000000000E0,2.130528912E-3
6.457299717E1,5.326322280E-4,-5.326322280E-4,1.065264456E-3
6.482430942E1,-2.663161140E-3,0.000000000E0,5.326322280E-4
6.507571323E1,0.000000000E0,-1.597896684E-3,-1.597896684E-3
6.532696445E1,-1.065264456E-3,5.326322280E-4,-1.597896684E-3
6.557809360E1,-5.326322280E-4,-1.065264456E-3,-2.130528912E-3
6.582925327E1,5.326322280E-4,1.065264456E-3,-5.326322280E-4
6.608032139E1,-1.065264456E-3,-2.663161140E-3,-2.663161140E-3
6.633157261E1,-3.195793368E-3,-1.597896684E-3,-1.065264456E-3
6.658267124E1,1.597896684E-3,2.663161140E-3,5.326322280E-3
6.683367832E1,-2.130528912E-3,5.326322280E-4,-4.261057824E-3
6.708489902E1,1.065264456E-3,-1.597896684E-3,-5.326322280E-4
6.733615024E1,5.326322280E-4,-1.065264456E-3,-1.065264456E-3
6.758737095E1,-1.597896684E-3,1.065264456E-3,-1.597896684E-3
6.783850010E1,-2.663161140E-3,5.326322280E-4,-2.130528912E-3
6.808947666E1,2.130528912E-3,5.326322280E-4,0.000000000E0
6.834066685E1,0.000000000E0,-5.326322280E-4,-1.065264456E-3
6.859176548E1,-2.663161140E-3,-1.597896684E-3,1.597896684E-3
6.884298618E1,2.130528912E-3,5.326322280E-4,5.326322280E-4
6.909417637E1,-5.326322280E-4,-1.065264456E-3,1.065264456E-3
6.934530552E1,-2.130528912E-3,-2.130528912E-3,-1.065264456E-3
6.959637363E1,-5.326322280E-4,3.195793368E-3,-1.597896684E-3
6.984765537E1,-3.195793368E-3,-1.597896684E-3,0.000000000E0
7.009896763E1,-1.065264456E-3,-1.065264456E-3,-1.597896684E-3
7.035015781E1,-3.728425596E-3,-2.130528912E-3,0.000000000E0
7.060128696E1,5.326322280E-4,0.000000000E0,5.326322280E-4
7.085229404E1,5.326322280E-4,-5.326322280E-4,1.065264456E-3
7.110354526E1,2.663161140E-3,1.065264456E-3,-5.326322280E-4
7.135501011E1,-5.326322280E-4,0.000000000E0,1.597896684E-3
7.160613790E1,-1.065264456E-3,1.597896684E-3,0.000000000E0
7.185732808E1,0.000000000E0,1.597896684E-3,1.065264456E-3
7.210848775E1,-1.597896684E-3,1.065264456E-3,-1.065264456E-3
7.235973897E1,-3.195793368E-3,1.597896684E-3,0.000000000E0
7.261080709E1,-5.326322280E-4,-1.065264456E-3,-4.261057824E-3
7.286178365E1,5.326322280E-4,-1.065264456E-3,5.326322280E-4
7.311303487E1,1.065264456E-3,1.597896684E-3,1.597896684E-3
7.336410299E1,1.597896684E-3,2.130528912E-3,1.597896684E-3
7.361526265E1,2.130528912E-3,1.065264456E-3,-5.326322280E-4
7.386623922E1,2.663161140E-3,5.326322280E-4,5.326322280E-4
7.411770406E1,-5.326322280E-4,1.065264456E-3,1.597896684E-3
7.436892476E1,-1.065264456E-3,-5.326322280E-4,1.597896684E-3
7.462002340E1,-1.065264456E-3,1.065264456E-3,1.065264456E-3
7.487127462E1,0.000000000E0,2.130528912E-3,-5.326322280E-4
7.512234273E1,-1.597896684E-3,0.000000000E0,-2.663161140E-3
7.537338033E1,1.065264456E-3,1.065264456E-3,2.663161140E-3
7.562432637E1,1.597896684E-3,1.065264456E-3,-3.728425596E-3
7.587533346E1,-2.663161140E-3,-5.326322280E-4,-3.728425596E-3
7.612667623E1,-1.065264456E-3,5.326322280E-4,-5.326322280E-4
7.637777486E1,-2.130528912E-3,0.000000000E0,-1.065264456E-3
7.662893453E1,-1.065264456E-3,5.326322280E-4,5.326322280E-4
7.688012471E1,-1.597896684E-3,-1.065264456E-3,-3.195793368E-3
7.713122335E1,-5.326322280E-4,1.597896684E-3,0.000000000E0
7.738232198E1,5.326322280E-4,2.130528912E-3,-2.130528912E-3
7.763357320E1,0.000000000E0,-2.130528912E-3,5.326322280E-4
7.788467183E1,5.326322280E-4,1.065264456E-3,0.000000000E0
7.813573995E1,2.663161140E-3,1.065264456E-3,1.065264456E-3
7.838686910E1,5.326322280E-4,-1.597896684E-3,-1.065264456E-3
7.863818136E1,1.065264456E-3,5.326322280E-4,2.130528912E-3
7.888918844E1,-1.065264456E-3,5.326322280E-4,-5.326322280E-4
7.914040914E1,1.597896684E-3,1.065264456E-3,1.597896684E-3
7.939150777E1,2.663161140E-3,2.663161140E-3,-2.130528912E-3
7.964275899E1,-2.130528912E-3,0.000000000E0,5.326322280E-4
7.989373555E1,-5.326322280E-4,-1.065264456E-3,-2.130528912E-3
8.014516988E1,-2.130528912E-3,5.326322280E-4,-3.728425596E-3
8.039626851E1,-5.326322280E-4,-2.130528912E-3,0.000000000E0
8.064730611E1,-2.130528912E-3,0.000000000E0,-2.130528912E-3
8.089852681E1,1.065264456E-3,5.326322280E-4,-5.326322280E-4
8.115008321E1,-1.065264456E-3,1.597896684E-3,0.000000000E0
8.140105977E1,1.065264456E-3,1.597896684E-3,1.065264456E-3
8.165237203E1,-5.326322280E-4,2.663161140E-3,5.326322280E-4
8.190347066E1,0.000000000E0,-5.326322280E-4,-5.326322280E-4
8.215472188E1,5.326322280E-4,5.326322280E-4,1.597896684E-3
8.240588155E1,1.597896684E-3,5.326322280E-4,-5.326322280E-4
8.265716329E1,2.130528912E-3,1.597896684E-3,5.326322280E-4
8.290832296E1,2.130528912E-3,1.065264456E-3,0.000000000E0
8.315933004E1,2.130528912E-3,-1.065264456E-3,1.065264456E-3
8.341039815E1,-2.663161140E-3,-1.597896684E-3,-3.195793368E-3
8.366134420E1,0.000000000E0,-1.597896684E-3,-2.130528912E-3
8.391262594E1,-1.065264456E-3,-5.326322280E-4,-1.065264456E-3
8.416384664E1,0.000000000E0,-1.597896684E-3,5.326322280E-4
8.441509786E1,0.000000000E0,-2.663161140E-3,-2.663161140E-3
8.466647115E1,-2.130528912E-3,-2.663161140E-3,-1.065264456E-3
8.491766134E1,3.728425596E-3,2.130528912E-3,1.065264456E-3
8.516903463E1,1.597896684E-3,-5.326322280E-4,-1.065264456E-3
8.542025533E1,-3.728425596E-3,5.326322280E-4,5.326322280E-4
8.567141500E1,-1.597896684E-3,-5.326322280E-4,0.000000000E0
8.592257466E1,1.065264456E-3,1.065264456E-3,1.597896684E-3
8.617379537E1,1.597896684E-3,2.130528912E-3,0.000000000E0
8.642519918E1,-5.326322280E-4,1.065264456E-3,0.000000000E0
8.667638936E1,2.130528912E-3,1.065264456E-3,5.326322280E-4
8.692748800E1,-5.326322280E-4,-5.326322280E-4,-1.065264456E-3
8.717864766E1,1.065264456E-3,-1.065264456E-3,1.065264456E-3
8.742992940E1,2.130528912E-3,1.597896684E-3,-1.065264456E-3
8.768115010E1,-2.130528912E-3,1.065264456E-3,-5.326322280E-4
8.793240133E1,0.000000000E0,5.326322280E-4,-1.065264456E-3
8.818383565E1,-5.326322280E-4,-1.065264456E-3,2.130528912E-3
8.843496480E1,1.065264456E-3,5.326322280E-4,3.195793368E-3
8.868606344E1,0.000000000E0,-5.326322280E-4,-5.326322280E-4
8.893740621E1,0.000000000E0,-5.326322280E-4,2.130528912E-3
8.918865743E1,2.130528912E-3,5.326322280E-4,5.326322280E-4
8.944000020E1,-5.326322280E-4,-1.065264456E-3,2.663161140E-3
8.969122091E1,-1.597896684E-3,-1.065264456E-3,0.000000000E0
8.994235006E1,2.130528912E-3,0.000000000E0,2.130528912E-3
9.019344869E1,5.326322280E-4,5.326322280E-4,2.130528912E-3
9.044448629E1,0.000000000E0,5.326322280E-4,-1.065264456E-3
9.069573751E1,0.000000000E0,5.326322280E-4,-1.065264456E-3
9.094686666E1,-1.597896684E-3,2.130528912E-3,-3.195793368E-3
9.119802633E1,-5.326322280E-4,-1.065264456E-3,1.065264456E-3
9.144915548E1,5.326322280E-4,2.130528912E-3,2.663161140E-3
9.170022359E1,-2.663161140E-3,1.065264456E-3,-3.195793368E-3
9.195123067E1,-5.326322280E-4,5.326322280E-4,-5.326322280E-4
9.220239034E1,5.326322280E-4,1.065264456E-3,-1.065264456E-3
9.245364156E1,0.000000000E0,0.000000000E0,1.597896684E-3
9.270470968E1,-1.065264456E-3,1.065264456E-3,5.326322280E-4
9.295583883E1,-1.597896684E-3,5.326322280E-4,0.000000000E0
9.320681539E1,-2.130528912E-3,5.326322280E-4,1.597896684E-3
9.345803609E1,0.000000000E0,1.065264456E-3,-1.065264456E-3
9.370928731E1,0.000000000E0,-2.130528912E-3,-1.065264456E-3
9.396053853E1,5.326322280E-4,-5.326322280E-4,-1.597896684E-3
9.421169820E1,-1.597896684E-3,-1.065264456E-3,-1.065264456E-3
9.446285787E1,0.000000000E0,-1.065264456E-3,2.663161140E-3
9.471401754E1,-1.597896684E-3,1.065264456E-3,-2.130528912E-3
9.496523824E1,0.000000000E0,1.597896684E-3,-2.130528912E-3
9.521645894E1,-2.130528912E-3,0.000000000E0,-3.195793368E-3
9.546761861E1,5.326322280E-4,2.663161140E-3,4.261057824E-3
9.571868673E1,-1.065264456E-3,-1.597896684E-3,0.000000000E0
9.597009054E1,-1.065264456E-3,1.065264456E-3,-1.065264456E-3
9.622112813E1,-5.326322280E-4,-1.065264456E-3,0.000000000E0
9.647225728E1,5.326322280E-4,-1.597896684E-3,-1.597896684E-3
9.672347799E1,1.065264456E-3,1.065264456E-3,-5.326322280E-4
9.697472921E1,-1.065264456E-3,-5.326322280E-4,-1.597896684E-3
9.722585836E1,1.065264456E-3,1.597896684E-3,5.326322280E-4
9.747723165E1,-1.065264456E-3,2.130528912E-3,1.597896684E-3
9.772848287E1,-1.597896684E-3,0.000000000E0,0.000000000E0
9.797982564E1,0.000000000E0,-5.326322280E-4,2.130528912E-3
9.823101583E1,-5.326322280E-4,-1.597896684E-3,-4.793690052E-3
9.848223653E1,5.326322280E-4,5.326322280E-4,-2.130528912E-3
9.873351827E1,0.000000000E0,-1.065264456E-3,-5.326322280E-4
9.898470846E1,-5.326322280E-4,-1.597896684E-3,-2.130528912E-3
9.923592916E1,-1.597896684E-3,5.326322280E-4,1.065264456E-3
9.948718038E1,3.195793368E-3,-1.597896684E-3,-5.326322280E-4
9.973834005E1,-2.130528912E-3,1.065264456E-3,-2.130528912E-3
9.998962179E1,-1.597896684E-3,5.326322280E-4,-1.065264456E-3
1.002407815E2,5.326322280E-4,-1.065264456E-3,-1.065264456E-3
1.004918496E2,-1.065264456E-3,1.597896684E-3,5.326322280E-4
1.007431008E2,5.326322280E-4,5.326322280E-4,5.326322280E-4
1.009940774E2,1.065264456E-3,-5.326322280E-4,0.000000000E0
1.012453286E2,5.326322280E-4,-2.130528912E-3,-1.065264456E-3
1.014965798E2,1.065264456E-3,5.326322280E-4,2.130528912E-3
1.017477395E2,5.326322280E-4,1.065264456E-3,-1.597896684E-3
1.019987771E2,5.326322280E-4,-1.065264456E-3,1.065264456E-3
1.022498202E2,-2.663161140E-3,2.130528912E-3,-2.130528912E-3
1.025009799E2,-5.326322280E-4,5.326322280E-4,0.000000000E0
1.027521396E2,-1.065264456E-3,1.065264456E-3,5.326322280E-4
1.030035434E2,-1.597896684E-3,5.326322280E-4,-5.326322280E-4
1.032546420E2,-5.326322280E-4,0.000000000E0,-5.326322280E-4
1.035058017E2,5.326322280E-4,-1.065264456E-3,1.597896684E-3
1.037569919E2,-1.065264456E-3,0.000000000E0,0.000000000E0
1.040081515E2,-5.326322280E-4,1.597896684E-3,1.597896684E-3
1.042592502E2,5.326322280E-4,1.065264456E-3,1.597896684E-3
1.045104404E2,5.326322280E-4,1.597896684E-3,2.663161140E-3
1.047615390E2,-1.597896684E-3,-5.326322280E-4,0.000000000E0
1.050126987E2,0.000000000E0,1.065264456E-3,5.326322280E-4
1.052637668E2,1.065264456E-3,-1.065264456E-3,-2.130528912E-3
1.055149570E2,-5.326322280E-4,1.597896684E-3,2.130528912E-3
1.057662082E2,2.663161140E-3,1.065264456E-3,-2.130528912E-3
1.060175815E2,-2.663161140E-3,-1.065264456E-3,-1.597896684E-3
1.062687411E2,5.326322280E-4,1.065264456E-3,5.326322280E-4
1.065200839E2,0.000000000E0,-5.326322280E-4,1.065264456E-3
1.067714572E2,1.065264456E-3,-5.326322280E-4,5.326322280E-4
1.070227695E2,1.065264456E-3,-1.065264456E-3,5.326322280E-4
1.072739596E2,2.663161140E-3,0.000000000E0,-5.326322280E-4
1.075248447E2,-2.130528912E-3,-1.065264456E-3,0.000000000E0
1.077760348E2,2.130528912E-3,5.326322280E-4,2.130528912E-3
1.080271945E2,-5.326322280E-4,-5.326322280E-4,1.597896684E-3
1.082783237E2,1.065264456E-3,5.326322280E-4,0.000000000E0
1.085295749E2,-1.065264456E-3,-2.130528912E-3,-5.326322280E-4
1.087807956E2,0.000000000E0,-5.326322280E-4,1.065264456E-3
1.090319552E2,1.065264456E-3,5.326322280E-4,1.597896684E-3
1.092832675E2,5.326322280E-4,2.663161140E-3,0.000000000E0
1.095342746E2,1.065264456E-3,5.326322280E-4,1.065264456E-3
1.097851901E2,5.326322280E-4,-1.065264456E-3,0.000000000E0
1.100363498E2,-2.130528912E-3,-5.326322280E-4,1.597896684E-3
1.102876010E2,-1.065264456E-3,1.065264456E-3,-1.065264456E-3
1.105386996E2,-1.065264456E-3,-2.130528912E-3,-5.326322280E-4
1.107898898E2,1.065264456E-3,5.326322280E-4,-1.597896684E-3
1.110410800E2,1.065264456E-3,2.663161140E-3,5.326322280E-4
1.112921481E2,5.326322280E-4,-1.065264456E-3,-2.663161140E-3
1.115432773E2,-5.326322280E-4,1.065264456E-3,-1.597896684E-3
1.117944675E2,-5.326322280E-4,0.000000000E0,-1.597896684E-3
1.120456882E2,-1.065264456E-3,0.000000000E0,-1.597896684E-3
1.122970004E2,0.000000000E0,0.000000000E0,-5.326322280E-4
1.125481906E2,5.326322280E-4,5.326322280E-4,-1.065264456E-3
1.127993503E2,-5.326322280E-4,1.065264456E-3,-2.663161140E-3
1.130503573E2,-2.130528912E-3,0.000000000E0,5.326322280E-4
1.133016086E2,-1.065264456E-3,0.000000000E0,-1.597896684E-3
1.135526156E2,1.065264456E-3,5.326322280E-4,-1.065264456E-3
1.138038669E2,1.065264456E-3,2.663161140E-3,1.065264456E-3
1.140551486E2,0.000000000E0,-5.326322280E-4,5.326322280E-4
1.143063388E2,1.065264456E-3,-5.326322280E-4,-5.326322280E-4
1.145575900E2,-5.326322280E-4,-1.065264456E-3,5.326322280E-4
1.148086886E2,0.000000000E0,0.000000000E0,-5.326322280E-4
1.150598483E2,5.326322280E-4,2.130528912E-3,1.597896684E-3
1.153109164E2,-2.130528912E-3,0.000000000E0,2.663161140E-3
1.155622287E2,0.000000000E0,1.597896684E-3,1.597896684E-3
1.158133578E2,-5.326322280E-4,0.000000000E0,-1.597896684E-3
1.160646701E2,-1.597896684E-3,-5.326322280E-4,-1.065264456E-3
1.163157992E2,-1.065264456E-3,5.326322280E-4,-5.326322280E-4
1.165669589E2,-1.597896684E-3,5.326322280E-4,0.000000000E0
1.168182712E2,-5.326322280E-4,-5.326322280E-4,1.597896684E-3
1.170695224E2,-2.663161140E-3,1.597896684E-3,-1.597896684E-3
1.173206515E2,-1.597896684E-3,0.000000000E0,1.065264456E-3
1.175719333E2,1.065264456E-3,0.000000000E0,0.000000000E0
1.178231235E2,-1.597896684E-3,-1.065264456E-3,1.065264456E-3
1.180742221E2,5.326322280E-4,5.326322280E-4,2.130528912E-3
1.183254123E2,1.065264456E-3,1.597896684E-3,-2.130528912E-3
1.185765414E2,1.065264456E-3,0.000000000E0,-5.326322280E-4
1.188275790E2,2.130528912E-3,1.065264456E-3,1.597896684E-3
1.190788302E2,-1.065264456E-3,-1.597896684E-3,-2.130528912E-3
1.193300815E2,5.326322280E-4,0.000000000E0,1.065264456E-3
1.195812411E2,0.000000000E0,-5.326322280E-4,-1.065264456E-3
1.198324924E2,0.000000000E0,0.000000000E0,1.065264456E-3
1.200835605E2,-2.663161140E-3,5.326322280E-4,2.130528912E-3
1.203346591E2,5.326322280E-4,1.065264456E-3,-1.065264456E-3
1.205858493E2,-5.326322280E-4,0.000000000E0,-2.663161140E-3
1.208371615E2,-1.597896684E-3,-2.130528912E-3,-3.195793368E-3
1.210884433E2,-1.065264456E-3,-1.065264456E-3,0.000000000E0
1.213397861E2,0.000000000E0,0.000000000E0,1.597896684E-3
1.215910678E2,5.326322280E-4,5.326322280E-4,1.065264456E-3
1.218422885E2,-1.597896684E-3,-5.326322280E-4,-2.130528912E-3
1.220934787E2,-2.663161140E-3,0.000000000E0,0.000000000E0
1.223446994E2,-2.130528912E-3,1.065264456E-3,1.065264456E-3
1.225958285E2,-5.326322280E-4,1.597896684E-3,1.065264456E-3
1.228470187E2,-5.326322280E-4,-5.326322280E-4,-2.130528912E-3
1.230982699E2,-1.065264456E-3,5.326322280E-4,-1.597896684E-3
1.233495822E2,-2.663161140E-3,1.597896684E-3,-2.130528912E-3
1.236007724E2,-1.597896684E-3,1.597896684E-3,3.195793368E-3
1.238519321E2,-5.326322280E-4,1.065264456E-3,0.000000000E0
1.241030917E2,-5.326322280E-4,0.000000000E0,1.597896684E-3
1.243541598E2,1.065264456E-3,5.326322280E-4,1.065264456E-3
1.246055331E2,-1.065264456E-3,1.597896684E-3,-2.130528912E-3
1.248567844E2,-5.326322280E-4,-1.065264456E-3,-1.065264456E-3
1.251080661E2,-1.597896684E-3,0.000000000E0,2.130528912E-3
1.253589816E2,-2.130528912E-3,-1.065264456E-3,1.597896684E-3
1.256099582E2,-1.065264456E-3,1.597896684E-3,1.597896684E-3
1.258611484E2,0.000000000E0,0.000000000E0,-2.663161140E-3
1.261123080E2,-1.065264456E-3,1.065264456E-3,-1.065264456E-3
1.263634982E2,2.130528912E-3,3.728425596E-3,1.065264456E-3
1.266145053E2,5.326322280E-4,0.000000000E0,1.065264456E-3
1.268659091E2,-2.130528912E-3,1.597896684E-3,0.000000000E0
1.271170383E2,0.000000000E0,2.130528912E-3,1.597896684E-3
1.273681369E2,-1.065264456E-3,-5.326322280E-4,0.000000000E0
1.276192660E2,-1.065264456E-3,1.065264456E-3,5.326322280E-4
1.278702121E2,-5.326322280E-4,2.130528912E-3,2.663161140E-3
1.281213718E2,-5.326322280E-4,1.065264456E-3,5.326322280E-4
1.283725314E2,5.326322280E-4,1.597896684E-3,3.195793368E-3
1.286235690E2,-1.065264456E-3,2.663161140E-3,2.663161140E-3
1.288747897E2,1.065264456E-3,-1.065264456E-3,-1.597896684E-3
1.291259494E2,-1.065264456E-3,-1.065264456E-3,2.130528912E-3
1.293772006E2,-1.597896684E-3,-1.597896684E-3,-1.065264456E-3
1.296284518E2,-1.065264456E-3,1.065264456E-3,2.130528912E-3
1.298796725E2,1.065264456E-3,1.065264456E-3,-2.130528912E-3
1.301309543E2,1.065264456E-3,2.130528912E-3,-2.130528912E-3
1.303823886E2,1.597896684E-3,5.326322280E-4,5.326322280E-4
1.306335788E2,-2.130528912E-3,1.065264456E-3,-4.261057824E-3
1.308848910E2,5.326322280E-4,1.065264456E-3,0.000000000E0
1.311358981E2,5.326322280E-4,0.000000000E0,-3.195793368E-3
1.313871799E2,0.000000000E0,-1.597896684E-3,-5.326322280E-4
1.316382785E2,5.326322280E-4,1.597896684E-3,-2.663161140E-3
1.318892856E2,-1.597896684E-3,5.326322280E-4,0.000000000E0
1.321404147E2,0.000000000E0,0.000000000E0,-1.065264456E-3
1.323916354E2,1.065264456E-3,0.000000000E0,2.130528912E-3
1.326429782E2,0.000000000E0,1.597896684E-3,1.065264456E-3
1.328938359E2,-1.065264456E-3,1.065264456E-3,-2.130528912E-3
1.331450871E2,-3.195793368E-3,2.130528912E-3,-1.597896684E-3
1.333962162E2,-1.065264456E-3,1.065264456E-3,-3.195793368E-3
1.336472233E2,-2.130528912E-3,-1.597896684E-3,-1.597896684E-3
1.338984440E2,1.597896684E-3,1.065264456E-3,-5.326322280E-4
1.341495121E2,5.326322280E-4,-2.130528912E-3,-1.065264456E-3
1.344006108E2,0.000000000E0,1.065264456E-3,-1.065264456E-3
1.346521061E2,-5.326322280E-4,-1.597896684E-3,-2.130528912E-3
1.349032658E2,5.326322280E-4,1.597896684E-3,2.130528912E-3
1.351543949E2,-3.728425596E-3,1.065264456E-3,-1.065264456E-3
1.354055546E2,0.000000000E0,-5.326322280E-4,-2.130528912E-3
1.356567143E2,2.663161140E-3,-4.261057824E-3,-2.130528912E-3
1.359080265E2,1.065264456E-3,1.065264456E-3,3.195793368E-3
1.361592167E2,5.326322280E-4,2.130528912E-3,1.065264456E-3
1.364103764E2,-1.597896684E-3,-5.326322280E-4,-1.597896684E-3
1.366616886E2,-5.326322280E-4,-1.065264456E-3,-1.597896684E-3
1.369130314E2,5.326322280E-4,-5.326322280E-4,-1.065264456E-3
1.371640995E2,-1.597896684E-3,-1.597896684E-3,-1.597896684E-3
1.374152897E2,-2.130528912E-3,-2.130528912E-3,0.000000000E0
1.376663273E2,1.065264456E-3,1.065264456E-3,0.000000000E0
1.379174565E2,0.000000000E0,-5.326322280E-4,0.000000000E0
1.381687382E2,-5.326322280E-4,-5.326322280E-4,1.597896684E-3
1.384199284E2,1.065264456E-3,5.326322280E-4,5.326322280E-3
1.386709660E2,-5.326322280E-4,5.326322280E-4,-5.326322280E-4
1.389221562E2,-5.326322280E-4,5.326322280E-4,5.326322280E-4
1.391734074E2,5.326322280E-4,1.597896684E-3,-2.130528912E-3
1.394245365E2,-1.065264456E-3,5.326322280E-4,5.326322280E-4
1.396758183E2,-1.065264456E-3,-1.597896684E-3,0.000000000E0
1.399269779E2,-1.065264456E-3,1.065264456E-3,-1.597896684E-3
1.401781071E2,1.597896684E-3,1.597896684E-3,-2.130528912E-3
1.404292057E2,-3.728425596E-3,-1.065264456E-3,2.663161140E-3
1.406806095E2,-5.326322280E-4,1.597896684E-3,1.065264456E-3
1.409316776E2,1.597896684E-3,-1.065264456E-3,-5.326322280E-4
1.411830815E2,5.326322280E-4,-5.326322280E-4,-5.326322280E-4
1.414342106E2,-1.065264456E-3,-1.065264456E-3,-3.195793368E-3
1.416854618E2,0.000000000E0,2.130528912E-3,1.065264456E-3
1.419365605E2,-1.065264456E-3,0.000000000E0,-3.728425596E-3
1.421875981E2,5.326322280E-4,5.326322280E-4,-2.130528912E-3
1.424387882E2,-3.195793368E-3,-5.326322280E-4,-1.065264456E-3
1.426901921E2,1.597896684E-3,-1.065264456E-3,-2.663161140E-3
1.429413822E2,2.663161140E-3,5.326322280E-4,2.130528912E-3
1.431925114E2,-1.597896684E-3,-5.326322280E-4,-5.326322280E-4
1.434435795E2,0.000000000E0,0.000000000E0,1.065264456E-3
1.436949833E2,0.000000000E0,1.597896684E-3,1.597896684E-3
1.439459904E2,5.326322280E-4,0.000000000E0,-2.130528912E-3
1.441972416E2,5.326322280E-4,1.597896684E-3,-1.065264456E-3
1.444483097E2,0.000000000E0,-1.597896684E-3,0.000000000E0
1.446993778E2,0.000000000E0,-5.326322280E-4,-1.597896684E-3
1.449505680E2,-5.326322280E-4,1.065264456E-3,5.326322280E-4
1.452017277E2,1.065264456E-3,0.000000000E0,-5.326322280E-4
1.454527958E2,-1.065264456E-3,0.000000000E0,2.663161140E-3
1.457041691E2,1.065264456E-3,5.326322280E-4,-1.065264456E-3
1.459552372E2,0.000000000E0,-1.597896684E-3,-1.065264456E-3
1.462064884E2,5.326322280E-4,-1.597896684E-3,-5.326322280E-4
1.464576786E2,5.326322280E-4,5.326322280E-4,-1.065264456E-3
1.467088993E2,-1.597896684E-3,3.195793368E-3,-1.597896684E-3
1.469600895E2,0.000000000E0,-5.326322280E-4,-1.065264456E-3
1.472111576E2,-2.663161140E-3,5.326322280E-4,-1.065264456E-3
1.474622257E2,0.000000000E0,1.597896684E-3,0.000000000E0
1.477133854E2,1.597896684E-3,5.326322280E-4,-5.326322280E-4
1.479645756E2,-1.065264456E-3,-5.326322280E-4,0.000000000E0
1.482156437E2,1.597896684E-3,-1.065264456E-3,-5.326322280E-4
1.484668339E2,5.326322280E-4,1.065264456E-3,-5.326322280E-4
1.487179630E2,5.326322280E-4,-5.326322280E-4,5.326322280E-4
1.489691227E2,5.326322280E-4,5.326322280E-4,0.000000000E0
1.492200382E2,5.326322280E-4,-5.326322280E-4,5.326322280E-4
1.494711369E2,1.065264456E-3,-1.065264456E-3,-5.326322280E-4
1.497222965E2,-1.597896684E-3,1.065264456E-3,-1.065264456E-3
1.499735783E2,0.000000000E0,-1.065264456E-3,-5.326322280E-4
1.502247380E2,-1.065264456E-3,0.000000000E0,-5.326322280E-4
1.504757450E2,-1.597896684E-3,1.597896684E-3,2.663161140E-3
1.507269963E2,0.000000000E0,5.326322280E-4,-2.130528912E-3
1.509782780E2,-1.597896684E-3,-5.326322280E-4,-5.326322280E-4
1.512295597E2,0.000000000E0,-5.326322280E-4,1.065264456E-3
1.514807499E2,-5.326322280E-4,0.000000000E0,-5.326322280E-4
1.517319401E2,-3.728425596E-3,-5.326322280E-4,5.326322280E-4
1.519830693E2,-1.065264456E-3,1.065264456E-3,-1.065264456E-3
1.522342289E2,-5.326322280E-4,-1.065264456E-3,-5.326322280E-4
1.524853581E2,2.130528912E-3,2.130528912E-3,-1.597896684E-3
1.527366093E2,-2.130528912E-3,0.000000000E0,-2.130528912E-3
1.529878605E2,-1.065264456E-3,5.326322280E-4,-5.326322280E-4
1.532391117E2,-5.326322280E-4,0.000000000E0,-3.195793368E-3
1.534904545E2,5.326322280E-4,-1.597896684E-3,0.000000000E0
1.537416752E2,-5.326322280E-4,0.000000000E0,2.130528912E-3
1.539926518E2,1.065264456E-3,-5.326322280E-4,-1.065264456E-3
1.542437504E2,5.326322280E-4,0.000000000E0,1.597896684E-3
1.544947270E2,-1.065264456E-3,5.326322280E-4,-1.065264456E-3
1.547460392E2,-1.065264456E-3,5.326322280E-4,-1.065264456E-3
1.549971684E2,-3.728425596E-3,-5.326322280E-4,5.326322280E-4
1.552482365E2,0.000000000E0,-1.065264456E-3,-2.130528912E-3
1.554996098E2,0.000000000E0,1.065264456E-3,5.326322280E-4
1.557504948E2,-1.065264456E-3,-1.597896684E-3,-5.326322280E-4
1.560016850E2,-5.326322280E-4,1.597896684E-3,-5.326322280E-4
1.562528752E2,5.326322280E-4,5.326322280E-4,-2.130528912E-3
1.565040959E2,-1.065264456E-3,5.326322280E-4,-5.326322280E-4
1.567553471E2,-1.065264456E-3,-5.326322280E-4,0.000000000E0
1.570065983E2,0.000000000E0,3.195793368E-3,2.663161140E-3
1.572577275E2,5.326322280E-4,5.326322280E-4,0.000000000E0
1.575088566E2,-1.597896684E-3,-1.597896684E-3,-1.065264456E-3
1.577600468E2,-5.326322280E-4,1.597896684E-3,5.326322280E-4
1.580110234E2,5.326322280E-4,2.130528912E-3,-5.326322280E-4
1.582621525E2,5.326322280E-4,-5.326322280E-4,-2.130528912E-3
1.585132206E2,-5.326322280E-4,-2.130528912E-3,0.000000000E0
1.587642582E2,-1.065264456E-3,-5.326322280E-4,-2.130528912E-3
1.590154789E2,-2.130528912E-3,0.000000000E0,1.065264456E-3
1.592665470E2,-1.597896684E-3,-5.326322280E-4,1.065264456E-3
1.595177067E2,-1.597896684E-3,5.326322280E-4,-3.195793368E-3
1.597688969E2,-1.597896684E-3,0.000000000E0,-3.195793368E-3
1.600200871E2,-1.597896684E-3,1.065264456E-3,-2.130528912E-3
1.602713688E2,0.000000000E0,-5.326322280E-4,0.000000000E0
1.605225590E2,0.000000000E0,-1.065264456E-3,-2.663161140E-3
1.607738407E2,0.000000000E0,-1.065264456E-3,-2.130528912E-3
1.610249394E2,-5.326322280E-4,2.663161140E-3,2.130528912E-3
1.612760380E2,-2.663161140E-3,1.597896684E-3,-1.597896684E-3
1.615272892E2,0.000000000E0,0.000000000E0,-1.065264456E-3
1.617782963E2,-2.130528912E-3,-1.597896684E-3,-1.597896684E-3
1.620294865E2,-5.326322280E-4,-5.326322280E-4,1.065264456E-3
1.622807377E2,-5.326322280E-4,5.326322280E-4,0.000000000E0
1.625318974E2,1.065264456E-3,0.000000000E0,1.065264456E-3
1.627829655E2,5.326322280E-4,1.065264456E-3,1.065264456E-3
1.630341252E2,2.130528912E-3,0.000000000E0,-5.326322280E-4
1.632851628E2,-1.065264456E-3,-1.597896684E-3,2.663161140E-3
1.635363529E2,0.000000000E0,-5.326322280E-4,-1.065264456E-3
1.637876042E2,-2.130528912E-3,0.000000000E0,0.000000000E0
1.640388859E2,0.000000000E0,-5.326322280E-4,5.326322280E-4
1.642900151E2,-5.326322280E-4,-5.326322280E-4,0.000000000E0
1.645411747E2,-1.065264456E-3,-1.065264456E-3,-1.597896684E-3
1.647924565E2,0.000000000E0,1.065264456E-3,1.065264456E-3
1.650437992E2,5.326322280E-4,-2.130528912E-3,0.000000000E0
1.652949284E2,2.130528912E-3,1.597896684E-3,2.130528912E-3
1.655459049E2,0.000000000E0,-1.065264456E-3,-1.597896684E-3
1.657968529E2,-1.065264456E-3,1.597896684E-3,0.000000000E0
1.660479821E2,5.326322280E-4,5.326322280E-4,0.000000000E0
1.662990502E2,-1.597896684E-3,-1.065264456E-3,5.326322280E-4
1.665501793E2,5.326322280E-4,0.000000000E0,1.597896684E-3
1.668012474E2,-5.326322280E-4,-5.326322280E-4,1.065264456E-3
1.670524376E2,1.065264456E-3,2.663161140E-3,5.326322280E-4
1.673037804E2,-5.326322280E-4,-5.326322280E-4,-2.130528912E-3
1.675548485E2,-5.326322280E-4,1.597896684E-3,-1.597896684E-3
1.678059472E2,0.000000000E0,1.597896684E-3,5.326322280E-4
1.680571679E2,5.326322280E-4,1.065264456E-3,-5.326322280E-4
1.683084191E2,-3.728425596E-3,0.000000000E0,-1.065264456E-3
1.685595482E2,-2.130528912E-3,0.000000000E0,-1.065264456E-3
1.688108605E2,-2.130528912E-3,-1.065264456E-3,-1.065264456E-3
1.690619896E2,1.597896684E-3,1.065264456E-3,-1.065264456E-3
1.693132103E2,-5.326322280E-4,1.065264456E-3,0.000000000E0
1.695643090E2,-1.065264456E-3,-5.326322280E-4,1.597896684E-3
1.698154686E2,1.597896684E-3,1.065264456E-3,5.326322280E-4
1.700665978E2,5.326322280E-4,0.000000000E0,0.000000000E0
1.703176354E2,-1.065264456E-3,1.597896684E-3,-1.065264456E-3
1.705688866E2,0.000000000E0,5.326322280E-4,-1.065264456E-3
1.708201073E2,5.326322280E-4,-5.326322280E-4,0.000000000E0
1.710714501E2,1.597896684E-3,0.000000000E0,-1.597896684E-3
1.713226098E2,-5.326322280E-4,-2.130528912E-3,-2.130528912E-3
1.715736779E2,0.000000000E0,-1.065264456E-3,-1.065264456E-3
1.718247765E2,-1.065264456E-3,1.597896684E-3,-1.597896684E-3
1.720758751E2,1.065264456E-3,-5.326322280E-4,1.597896684E-3
1.723270958E2,-5.326322280E-4,-1.065264456E-3,-5.326322280E-4
1.725781945E2,-1.597896684E-3,2.130528912E-3,0.000000000E0
1.728294152E2,5.326322280E-4,0.000000000E0,-3.728425596E-3
1.730804833E2,1.065264456E-3,-5.326322280E-4,-2.663161140E-3
1.733315209E2,-1.597896684E-3,0.000000000E0,-1.065264456E-3
1.735827111E2,-5.326322280E-4,-5.326322280E-4,1.597896684E-3
1.738337487E2,-1.597896684E-3,-1.065264456E-3,-2.663161140E-3
1.740848778E2,-1.597896684E-3,-1.065264456E-3,-1.065264456E-3
1.743360375E2,-5.326322280E-4,0.000000000E0,-5.326322280E-4
1.745871972E2,-1.597896684E-3,-5.326322280E-4,1.597896684E-3
1.748381737E2,0.000000000E0,1.597896684E-3,1.065264456E-3
1.750893029E2,5.326322280E-4,1.597896684E-3,1.065264456E-3
1.753405236E2,-1.065264456E-3,2.130528912E-3,-5.326322280E-4
1.755916222E2,1.065264456E-3,2.130528912E-3,5.326322280E-4
1.758428124E2,1.065264456E-3,-5.326322280E-4,-1.065264456E-3
1.760939110E2,5.326322280E-4,1.065264456E-3,1.065264456E-3
1.763450402E2,5.326322280E-4,5.326322280E-4,1.065264456E-3
1.765963524E2,5.326322280E-4,1.065264456E-3,5.326322280E-4
1.768473900E2,-1.065264456E-3,2.663161140E-3,-1.597896684E-3
1.770985497E2,5.326322280E-4,3.728425596E-3,-5.326322280E-4
1.773495568E2,0.000000000E0,2.130528912E-3,5.326322280E-4
1.776005639E2,-5.326322280E-4,1.065264456E-3,1.065264456E-3
1.778514794E2,1.597896684E-3,1.065264456E-3,1.065264456E-3
1.781025475E2,-3.195793368E-3,-5.326322280E-4,-2.130528912E-3
1.783536461E2,5.326322280E-4,0.000000000E0,-2.130528912E-3
1.786048668E2,1.597896684E-3,1.065264456E-3,-1.065264456E-3
1.788558434E2,-3.195793368E-3,-2.663161140E-3,-1.065264456E-3
1.791069420E2,-1.065264456E-3,-2.130528912E-3,5.326322280E-4
1.793581627E2,-2.130528912E-3,5.326322280E-4,-2.130528912E-3
1.796092308E2,5.326322280E-4,1.065264456E-3,5.326322280E-4
1.798603600E2,1.597896684E-3,1.065264456E-3,-1.065264456E-3
1.801115807E2,5.326322280E-4,-2.130528912E-3,-1.065264456E-3
1.803628624E2,-5.326322280E-4,-2.130528912E-3,2.130528912E-3
1.806139611E2,-1.597896684E-3,0.000000000E0,1.065264456E-3
1.808650902E2,2.130528912E-3,0.000000000E0,5.326322280E-4
1.811163414E2,-5.326322280E-4,-1.065264456E-3,0.000000000E0
1.813675621E2,-5.326322280E-4,5.326322280E-4,5.326322280E-4
1.816185997E2,1.065264456E-3,1.065264456E-3,0.000000000E0
1.818698510E2,-2.130528912E-3,0.000000000E0,-1.065264456E-3
1.821209191E2,1.597896684E-3,5.326322280E-4,-2.130528912E-3
1.823721703E2,5.326322280E-4,1.597896684E-3,5.326322280E-4
1.826233300E2,-5.326322280E-4,-2.130528912E-3,-1.065264456E-3
1.828747033E2,-5.326322280E-4,1.065264456E-3,0.000000000E0
1.831256493E2,-2.130528912E-3,-5.326322280E-4,-1.065264456E-3
1.833769310E2,-1.065264456E-3,2.663161140E-3,1.597896684E-3
1.836281517E2,-5.326322280E-4,-1.597896684E-3,1.065264456E-3
1.838792199E2,0.000000000E0,0.000000000E0,5.326322280E-4
1.841302269E2,-5.326322280E-4,2.663161140E-3,-3.728425596E-3
1.843813561E2,5.326322280E-4,1.065264456E-3,-1.597896684E-3
1.846325158E2,1.065264456E-3,2.130528912E-3,-2.663161140E-3
1.848836449E2,3.728425596E-3,1.065264456E-3,1.597896684E-3
1.851347741E2,5.326322280E-4,2.130528912E-3,1.065264456E-3
1.853857506E2,5.326322280E-4,-5.326322280E-4,1.597896684E-3
1.856370324E2,5.326322280E-4,1.065264456E-3,-5.326322280E-4
1.858881005E2,-1.065264456E-3,1.597896684E-3,5.326322280E-4
1.861392601E2,0.000000000E0,2.130528912E-3,1.065264456E-3
1.863902977E2,2.663161140E-3,0.000000000E0,0.000000000E0
1.866414269E2,-5.326322280E-4,5.326322280E-4,3.195793368E-3
1.868926171E2,-5.326322280E-4,1.065264456E-3,2.663161140E-3
1.871437157E2,0.000000000E0,-5.326322280E-4,-5.326322280E-4
1.873947228E2,0.000000000E0,-1.065264456E-3,-2.130528912E-3
1.876458519E2,-5.326322280E-4,5.326322280E-4,1.597896684E-3
1.878971642E2,1.065264456E-3,5.326322280E-4,-2.130528912E-3
1.881481713E2,-1.597896684E-3,-2.663161140E-3,-1.065264456E-3
1.883993309E2,-5.326322280E-4,-5.326322280E-4,-2.663161140E-3
1.886503380E2,1.597896684E-3,2.130528912E-3,-2.130528912E-3
1.889015587E2,-2.130528912E-3,0.000000000E0,-5.326322280E-4
1.891525658E2,-5.326322280E-4,1.597896684E-3,5.326322280E-4
1.894037560E2,-5.326322280E-4,-5.326322280E-4,-2.130528912E-3
1.896550377E2,-2.130528912E-3,2.130528912E-3,-1.597896684E-3
1.899061974E2,-2.130528912E-3,-1.597896684E-3,-2.663161140E-3
1.901574486E2,1.065264456E-3,2.130528912E-3,2.663161140E-3
1.904085167E2,5.326322280E-4,2.130528912E-3,0.000000000E0
1.906596154E2,0.000000000E0,5.326322280E-4,1.065264456E-3
1.909107750E2,0.000000000E0,-2.130528912E-3,5.326322280E-4
1.911619347E2,-1.065264456E-3,-1.597896684E-3,-2.130528912E-3
1.914130944E2,5.326322280E-4,-1.065264456E-3,0.000000000E0
1.916642846E2,0.000000000E0,5.326322280E-4,5.326322280E-4
1.919154137E2,-2.130528912E-3,-1.597896684E-3,1.065264456E-3
1.921665734E2,3.195793368E-3,5.326322280E-4,-1.065264456E-3
1.924177025E2,0.000000000E0,0.000000000E0,0.000000000E0
1.926689232E2,-1.597896684E-3,5.326322280E-4,0.000000000E0
1.929201134E2,0.000000000E0,1.065264456E-3,-2.663161140E-3
1.931714562E2,0.000000000E0,1.597896684E-3,5.326322280E-4
1.934226464E2,-1.597896684E-3,-5.326322280E-4,0.000000000E0
1.936736840E2,5.326322280E-4,2.130528912E-3,3.195793368E-3
1.939250267E2,1.065264456E-3,5.326322280E-4,1.065264456E-3
1.941762474E2,-1.597896684E-3,5.326322280E-4,-3.195793368E-3
1.944273766E2,-2.130528912E-3,5.326322280E-4,-2.130528912E-3
1.946784142E2,-5.326322280E-4,-1.597896684E-3,-1.597896684E-3
1.949296349E2,1.065264456E-3,1.597896684E-3,1.597896684E-3
1.951808556E2,1.065264456E-3,1.065264456E-3,0.000000000E0
1.954319848E2,-2.130528912E-3,1.065264456E-3,1.065264456E-3
1.956829003E2,-1.065264456E-3,1.597896684E-3,-2.130528912E-3
1.959339074E2,-5.326322280E-4,0.000000000E0,-1.597896684E-3
1.961850060E2,-1.597896684E-3,2.130528912E-3,0.000000000E0
1.964360923E2,-1.065264456E-3,1.065264456E-3,-1.597896684E-3
1.966874656E2,1.065264456E-3,1.597896684E-3,0.000000000E0
1.969387168E2,1.065264456E-3,5.326322280E-4,1.065264456E-3
1.971900291E2,2.663161140E-3,2.130528912E-3,1.597896684E-3
1.974410972E2,0.000000000E0,1.597896684E-3,-2.663161140E-3
1.976922874E2,3.728425596E-3,1.597896684E-3,5.326322280E-4
1.979433860E2,-1.065264456E-3,-1.065264456E-3,5.326322280E-4
1.981944847E2,0.000000000E0,5.326322280E-4,-1.065264456E-3
1.984455833E2,0.000000000E0,-5.326322280E-4,-5.326322280E-4
1.986967430E2,-5.326322280E-4,-5.326322280E-4,-2.663161140E-3
1.989479942E2,-5.326322280E-4,0.000000000E0,-1.597896684E-3
1.991991844E2,0.000000000E0,0.000000000E0,-2.130528912E-3
1.994503440E2,1.597896684E-3,1.065264456E-3,5.326322280E-4
1.997015647E2,5.326322280E-4,0.000000000E0,-5.326322280E-4
1.999527549E2,-5.326322280E-4,3.728425596E-3,5.326322280E-4
2.002040367E2,-5.326322280E-4,1.597896684E-3,0.000000000E0
2.004552574E2,-1.065264456E-3,5.326322280E-4,1.597896684E-3
2.007062339E2,1.065264456E-3,0.000000000E0,1.065264456E-3
2.009573631E2,-5.326322280E-4,-1.065264456E-3,-1.065264456E-3
2.012085533E2,5.326322280E-4,1.597896684E-3,1.597896684E-3
2.014597435E2,-5.326322280E-4,1.065264456E-3,1.065264456E-3
2.017109642E2,-5.326322280E-4,-5.326322280E-4,0.000000000E0
2.019619102E2,5.326322280E-4,0.000000000E0,-3.195793368E-3
2.022129173E2,1.597896684E-3,-1.065264456E-3,-1.597896684E-3
2.024641380E2,5.326322280E-4,5.326322280E-4,-1.597896684E-3
2.027152671E2,1.065264456E-3,1.065264456E-3,-1.597896684E-3
2.029664878E2,5.326322280E-4,-5.326322280E-4,-2.663161140E-3
2.032176170E2,5.326322280E-4,-5.326322280E-4,0.000000000E0
2.034688987E2,0.000000000E0,-2.130528912E-3,-2.130528912E-3
2.037200889E2,-1.065264456E-3,5.326322280E-4,-1.065264456E-3
2.039714012E2,-1.065264456E-3,0.000000000E0,5.326322280E-4
2.042225914E2,-1.597896684E-3,1.065264456E-3,5.326322280E-4
2.044737510E2,-5.326322280E-4,5.326322280E-4,0.000000000E0
2.047248497E2,0.000000000E0,3.195793368E-3,-5.326322280E-4
2.049759483E2,0.000000000E0,-1.597896684E-3,5.326322280E-4
2.052272605E2,-2.663161140E-3,0.000000000E0,0.000000000E0
2.054782066E2,5.326322280E-4,-2.130528912E-3,-1.065264456E-3
2.057293663E2,5.326322280E-4,-2.130528912E-3,0.000000000E0
2.059805564E2,-2.663161140E-3,1.065264456E-3,2.130528912E-3
2.062316551E2,-5.326322280E-4,2.663161140E-3,1.065264456E-3
2.064828453E2,1.597896684E-3,5.326322280E-4,1.065264456E-3
2.067339744E2,-5.326322280E-4,0.000000000E0,-1.597896684E-3
2.069851951E2,-1.597896684E-3,1.597896684E-3,-1.597896684E-3
2.072362937E2,1.065264456E-3,0.000000000E0,0.000000000E0
2.074874534E2,1.597896684E-3,5.326322280E-4,-5.326322280E-4
2.077386436E2,1.065264456E-3,5.326322280E-4,-2.663161140E-3
2.079896202E2,-5.326322280E-4,2.130528912E-3,3.195793368E-3
2.082405357E2,-1.597896684E-3,-1.065264456E-3,-5.326322280E-4
2.084918174E2,-1.597896684E-3,-2.130528912E-3,-1.597896684E-3
2.087430381E2,5.326322280E-4,2.130528912E-3,2.130528912E-3
2.089942283E2,1.597896684E-3,-1.065264456E-3,1.065264456E-3
2.092454185E2,0.000000000E0,-1.065264456E-3,-1.065264456E-3
2.094964256E2,0.000000000E0,-1.065264456E-3,5.326322280E-4
2.097475852E2,0.000000000E0,-2.130528912E-3,-1.597896684E-3
2.099988670E2,-5.326322280E-4,5.326322280E-4,-2.130528912E-3
2.102499961E2,0.000000000E0,1.065264456E-3,3.195793368E-3
2.105009727E2,0.000000000E0,1.597896684E-3,-5.326322280E-4
2.107521324E2,5.326322280E-4,5.326322280E-4,-1.597896684E-3
2.110032615E2,-1.065264456E-3,5.326322280E-4,-5.326322280E-4
2.112543602E2,-2.663161140E-3,1.065264456E-3,-1.065264456E-3
2.115054893E2,1.065264456E-3,1.065264456E-3,0.000000000E0
2.117564964E2,-1.597896684E-3,-5.326322280E-4,-5.326322280E-4
2.120072898E2,-1.065264456E-3,5.326322280E-4,5.326322280E-4
2.122583580E2,-1.065264456E-3,1.597896684E-3,5.326322280E-4
2.125093040E2,-5.326322280E-4,0.000000000E0,5.326322280E-4
2.127603416E2,-1.597896684E-3,5.326322280E-4,-1.065264456E-3
2.130115623E2,0.000000000E0,0.000000000E0,-3.195793368E-3
2.132627830E2,5.326322280E-4,0.000000000E0,-5.326322280E-4
2.135140953E2,-1.065264456E-3,-1.065264456E-3,5.326322280E-4
2.137653465E2,-5.326322280E-4,-1.065264456E-3,5.326322280E-4
2.140165977E2,1.065264456E-3,0.000000000E0,0.000000000E0
2.142677574E2,-5.326322280E-4,2.130528912E-3,-5.326322280E-4
2.145190696E2,0.000000000E0,2.130528912E-3,-5.326322280E-4
2.147704734E2,-1.065264456E-3,0.000000000E0,-5.326322280E-4
2.150214500E2,0.000000000E0,1.597896684E-3,-1.065264456E-3
2.152724876E2,-1.597896684E-3,0.000000000E0,5.326322280E-4
2.155236167E2,-1.597896684E-3,0.000000000E0,-5.326322280E-4
2.157748374E2,-1.065264456E-3,5.326322280E-4,-3.195793368E-3
2.160259361E2,5.326322280E-4,2.663161140E-3,0.000000000E0
2.162771568E2,2.130528912E-3,2.130528912E-3,-1.065264456E-3
2.165282859E2,2.130528912E-3,5.326322280E-4,1.597896684E-3
2.167795372E2,5.326322280E-4,1.065264456E-3,-5.326322280E-4
2.170306053E2,-2.663161140E-3,0.000000000E0,5.326322280E-4
2.172817955E2,5.326322280E-4,1.065264456E-3,-5.326322280E-4
2.175327415E2,5.326322280E-4,-5.326322280E-4,-1.065264456E-3
2.177839012E2,-2.130528912E-3,2.663161140E-3,-2.130528912E-3
2.180349082E2,5.326322280E-4,0.000000000E0,1.065264456E-3
2.182858848E2,5.326322280E-4,-5.326322280E-4,-3.195793368E-3
2.185369834E2,-5.326322280E-4,-5.326322280E-4,-2.663161140E-3
2.187881126E2,0.000000000E0,0.000000000E0,0.000000000E0
2.190391502E2,1.597896684E-3,2.130528912E-3,2.130528912E-3
2.192904319E2,0.000000000E0,5.326322280E-4,-1.065264456E-3
2.195415611E2,0.000000000E0,-1.065264456E-3,-1.597896684E-3
2.197927818E2,5.326322280E-4,-1.065264456E-3,0.000000000E0
2.200441856E2,-1.065264456E-3,-5.326322280E-4,-1.597896684E-3
2.202954673E2,5.326322280E-4,-5.326322280E-4,1.597896684E-3
2.205466270E2,5.326322280E-4,1.065264456E-3,-2.130528912E-3
2.207976951E2,5.326322280E-4,0.000000000E0,-5.326322280E-4
2.210489158E2,-2.130528912E-3,5.326322280E-4,-2.130528912E-3
2.213002586E2,-2.663161140E-3,5.326322280E-4,-1.065264456E-3
2.215515403E2,1.597896684E-3,-1.597896684E-3,-5.326322280E-4
2.218026695E2,-2.130528912E-3,1.065264456E-3,0.000000000E0
2.220538902E2,1.065264456E-3,5.326322280E-4,1.597896684E-3
2.223050804E2,1.065264456E-3,1.065264456E-3,2.130528912E-3
2.225564231E2,1.597896684E-3,2.130528912E-3,2.130528912E-3
2.228074302E2,1.597896684E-3,-5.326322280E-4,-5.326322280E-4
2.230587425E2,5.326322280E-4,-1.065264456E-3,5.326322280E-4
2.233097190E2,-2.130528912E-3,-5.326322280E-4,-2.130528912E-3
2.235607872E2,-5.326322280E-4,-1.065264456E-3,-3.195793368E-3
2.238119163E2,-5.326322280E-4,2.130528912E-3,0.000000000E0
2.240631675E2,-5.326322280E-4,-1.597896684E-3,-5.326322280E-4
2.243142967E2,0.000000000E0,1.065264456E-3,0.000000000E0
2.245656700E2,-1.065264456E-3,5.326322280E-4,-1.597896684E-3
2.248167686E2,-3.195793368E-3,-1.065264456E-3,-2.663161140E-3
2.250679283E2,-5.326322280E-4,0.000000000E0,0.000000000E0
2.253192405E2,0.000000000E0,-1.065264456E-3,-2.130528912E-3
2.255704917E2,-1.065264456E-3,1.597896684E-3,1.065264456E-3
2.258216209E2,-5.326322280E-4,-1.597896684E-3,-1.065264456E-3
2.260727195E2,1.597896684E-3,-1.597896684E-3,5.326322280E-4
2.263240318E2,-1.597896684E-3,0.000000000E0,-2.130528912E-3
2.265752830E2,-5.326322280E-4,1.597896684E-3,-5.326322280E-4
2.268263511E2,0.000000000E0,-5.326322280E-4,0.000000000E0
2.270773508E2,-1.065264456E-3,5.326322280E-4,-1.597896684E-3
2.273286936E2,-1.065264456E-3,0.000000000E0,1.065264456E-3
2.275796396E2,-1.065264456E-3,-1.597896684E-3,0.000000000E0
2.278308298E2,-5.326322280E-4,-5.326322280E-4,-2.130528912E-3
2.280821421E2,-5.326322280E-4,0.000000000E0,1.597896684E-3
2.283335459E2,0.000000000E0,-5.326322280E-4,5.326322280E-4
2.285847056E2,5.326322280E-4,5.326322280E-4,1.065264456E-3
2.288359263E2,-1.065264456E-3,-1.597896684E-3,0.000000000E0
2.290869639E2,-2.130528912E-3,1.597896684E-3,-1.065264456E-3
2.293380625E2,-2.130528912E-3,1.065264456E-3,-5.326322280E-4
2.295891306E2,-5.326322280E-4,0.000000000E0,1.597896684E-3
2.298403818E2,0.000000000E0,0.000000000E0,-5.326322280E-4
2.300913584E2,-1.065264456E-3,1.065264456E-3,5.326322280E-4
2.303425486E2,1.065264456E-3,5.326322280E-4,-5.326322280E-4
2.305935862E2,-2.130528912E-3,-1.597896684E-3,-1.065264456E-3
2.308448679E2,5.326322280E-4,2.130528912E-3,1.597896684E-3
2.310959971E2,1.065264456E-3,2.663161140E-3,-1.597896684E-3
2.313470347E2,5.326322280E-4,-5.326322280E-4,-1.065264456E-3
2.315980112E2,5.326322280E-4,2.663161140E-3,5.326322280E-4
2.318489878E2,-1.065264456E-3,1.597896684E-3,-5.326322280E-4
2.321004526E2,0.000000000E0,2.663161140E-3,-2.663161140E-3
2.323516123E2,0.000000000E0,2.130528912E-3,-1.065264456E-3
2.326026499E2,1.597896684E-3,0.000000000E0,-1.065264456E-3
2.328538401E2,-2.663161140E-3,1.597896684E-3,5.326322280E-4
2.331048777E2,-1.065264456E-3,0.000000000E0,5.326322280E-4
2.333560679E2,1.065264456E-3,5.326322280E-4,2.663161140E-3
2.336072275E2,5.326322280E-4,5.326322280E-4,-5.326322280E-4
2.338581736E2,-2.663161140E-3,-5.326322280E-4,-1.597896684E-3
2.341094858E2,1.065264456E-3,1.597896684E-3,0.000000000E0
2.343607371E2,-5.326322280E-4,-2.130528912E-3,-1.065264456E-3
2.346118662E2,3.195793368E-3,-5.326322280E-4,1.065264456E-3
2.348630259E2,-5.326322280E-4,-5.326322280E-4,0.000000000E0
2.351142771E2,-5.326322280E-4,1.065264456E-3,1.065264456E-3
2.353654673E2,1.065264456E-3,5.326322280E-4,0.000000000E0
2.356168101E2,-2.130528912E-3,1.065264456E-3,1.597896684E-3
2.358680613E2,-1.065264456E-3,0.000000000E0,1.065264456E-3
2.361191904E2,0.000000000E0,5.326322280E-4,5.326322280E-4
2.363702585E2,-5.326322280E-4,-5.326322280E-4,-1.065264456E-3
2.366213877E2,-2.663161140E-3,5.326322280E-4,-1.597896684E-3
2.368725168E2,-1.597896684E-3,2.130528912E-3,2.663161140E-3
2.371236460E2,-5.326322280E-4,-2.130528912E-3,-2.130528912E-3
2.373747141E2,-2.663161140E-3,-1.597896684E-3,-3.728425596E-3
2.376257822E2,-1.065264456E-3,-5.326322280E-4,-2.130528912E-3
2.378770945E2,-5.326322280E-4,5.326322280E-4,5.326322280E-4
2.381282541E2,-2.130528912E-3,5.326322280E-4,-1.065264456E-3
2.383793528E2,-5.326322280E-4,0.000000000E0,-5.326322280E-4
2.386303599E2,-3.728425596E-3,-5.326322280E-4,-5.326322280E-4
2.388813975E2,-2.130528912E-3,1.065264456E-3,5.326322280E-4
2.391325876E2,-1.597896684E-3,-1.597896684E-3,5.326322280E-4
2.393836558E2,-5.326322280E-4,1.065264456E-3,-1.597896684E-3
2.396349070E2,-1.065264456E-3,-1.065264456E-3,-3.195793368E-3
2.398863413E2,1.597896684E-3,-1.065264456E-3,-5.326322280E-4
2.401374705E2,-2.663161140E-3,0.000000000E0,0.000000000E0
2.403884165E2,0.000000000E0,0.000000000E0,0.000000000E0
2.406395151E2,0.000000000E0,-1.065264456E-3,-1.065264456E-3
2.408906748E2,-1.065264456E-3,1.065264456E-3,-2.130528912E-3
2.411416819E2,-3.195793368E-3,0.000000000E0,-3.195793368E-3
2.413927195E2,0.000000000E0,0.000000000E0,1.065264456E-3
2.416438181E2,5.326322280E-4,1.065264456E-3,-1.597896684E-3
2.418949473E2,5.326322280E-4,2.130528912E-3,0.000000000E0
2.421458933E2,-5.326322280E-4,5.326322280E-4,1.597896684E-3
2.423970225E2,-1.597896684E-3,1.065264456E-3,-5.326322280E-4
2.426479990E2,5.326322280E-4,-1.065264456E-3,-5.326322280E-4
2.428989451E2,0.000000000E0,1.065264456E-3,5.326322280E-4
2.431502268E2,0.000000000E0,1.597896684E-3,0.000000000E0
2.434013865E2,-1.065264456E-3,-1.597896684E-3,-1.065264456E-3
2.436526072E2,-1.597896684E-3,-1.065264456E-3,0.000000000E0
2.439037974E2,-1.065264456E-3,5.326322280E-4,-1.597896684E-3
2.441549875E2,5.326322280E-4,-5.326322280E-4,0.000000000E0
2.444062388E2,-3.728425596E-3,-5.326322280E-4,1.597896684E-3
2.446572153E2,1.065264456E-3,-5.326322280E-4,5.326322280E-4
2.449081614E2,5.326322280E-4,-2.130528912E-3,-5.326322280E-4
2.451593210E2,2.663161140E-3,5.326322280E-4,-5.326322280E-4
2.454102671E2,2.130528912E-3,-5.326322280E-4,-5.326322280E-4
2.456613352E2,-5.326322280E-4,-1.065264456E-3,0.000000000E0
2.459125254E2,0.000000000E0,-5.326322280E-4,5.326322280E-4
2.461637156E2,-5.326322280E-4,1.065264456E-3,-1.065264456E-3
2.464149058E2,5.326322280E-4,-5.326322280E-4,-5.326322280E-4
2.466661875E2,-1.065264456E-3,-3.195793368E-3,-1.597896684E-3
2.469170115E2,5.326322280E-4,0.000000000E0,5.326322280E-4
2.471682322E2,-2.130528912E-3,-1.065264456E-3,0.000000000E0
2.474194224E2,1.597896684E-3,0.000000000E0,2.663161140E-3
2.476706125E2,1.597896684E-3,3.195793368E-3,1.065264456E-3
2.479215891E2,-5.326322280E-4,-1.597896684E-3,-3.195793368E-3
2.481728098E2,3.195793368E-3,-5.326322280E-4,-1.597896684E-3
2.484239695E2,1.597896684E-3,5.326322280E-4,5.326322280E-4
2.486751597E2,-5.326322280E-4,1.065264456E-3,5.326322280E-4
2.489262583E2,1.597896684E-3,5.326322280E-4,5.326322280E-4
2.491771738E2,-2.663161140E-3,-1.065264456E-3,0.000000000E0
2.494283030E2,-2.663161140E-3,2.130528912E-3,-5.326322280E-4
2.496794932E2,-5.326322280E-4,1.597896684E-3,0.000000000E0
2.499306833E2,0.000000000E0,-2.130528912E-3,2.663161140E-3
2.501819956E2,0.000000000E0,5.326322280E-4,5.326322280E-4
2.504331858E2,-5.326322280E-4,0.000000000E0,-1.065264456E-3
2.506841318E2,-5.326322280E-4,-1.065264456E-3,-1.065264456E-3
2.509353220E2,5.326322280E-4,1.597896684E-3,-1.065264456E-3
2.511864206E2,1.065264456E-3,1.065264456E-3,0.000000000E0
2.514377329E2,5.326322280E-4,1.597896684E-3,0.000000000E0
2.516890452E2,-5.326322280E-4,1.065264456E-3,0.000000000E0
2.519401438E2,0.000000000E0,-1.065264456E-3,-2.130528912E-3
2.521912729E2,-5.326322280E-4,0.000000000E0,1.065264456E-3
2.524424631E2,1.065264456E-3,-5.326322280E-4,-1.597896684E-3
2.526935312E2,5.326322280E-4,1.597896684E-3,-2.130528912E-3
2.529446604E2,0.000000000E0,1.065264456E-3,-2.130528912E-3
2.531959421E2,1.065264456E-3,0.000000000E0,-1.597896684E-3
2.534469187E2,1.065264456E-3,5.326322280E-4,0.000000000E0
2.536982004E2,-5.326322280E-4,1.065264456E-3,5.326322280E-4
2.539492991E2,-1.597896684E-3,-5.326322280E-4,0.000000000E0
2.542001841E2,-1.065264456E-3,2.130528912E-3,1.065264456E-3
2.544514963E2,1.065264456E-3,-3.195793368E-3,-5.326322280E-4
2.547026865E2,-2.130528912E-3,-1.065264456E-3,-2.130528912E-3
2.549538157E2,5.326322280E-4,-2.130528912E-3,0.000000000E0
2.552049448E2,5.326322280E-4,1.065264456E-3,-1.597896684E-3
2.554561045E2,5.326322280E-4,-1.597896684E-3,0.000000000E0
2.557075388E2,5.326322280E-4,1.597896684E-3,-5.326322280E-4
2.559585154E2,-1.065264456E-3,5.326322280E-4,0.000000000E0
2.562096445E2,1.597896684E-3,1.597896684E-3,-1.065264456E-3
2.564607126E2,1.065264456E-3,5.326322280E-4,-1.065264456E-3
2.567119639E2,1.597896684E-3,1.597896684E-3,-5.326322280E-4
2.569632151E2,0.000000000E0,0.000000000E0,-1.597896684E-3
2.572142832E2,5.326322280E-4,-1.065264456E-3,2.663161140E-3
2.574652903E2,0.000000000E0,5.326322280E-4,1.065264456E-3
2.577162058E2,-1.597896684E-3,5.326322280E-4,1.065264456E-3
2.579673391E2,5.326322280E-4,1.597896684E-3,0.000000000E0
2.582186513E2,1.597896684E-3,5.326322280E-4,1.597896684E-3
2.584697805E2,0.000000000E0,-1.597896684E-3,-1.065264456E-3
2.587207571E2,5.326322280E-4,0.000000000E0,1.065264456E-3
2.589720388E2,1.065264456E-3,-1.597896684E-3,0.000000000E0
2.592232595E2,-1.597896684E-3,5.326322280E-4,-1.065264456E-3
2.594743581E2,-1.065264456E-3,-5.326322280E-4,0.000000000E0
2.597254568E2,5.326322280E-4,5.326322280E-4,-5.326322280E-4
2.599765859E2,0.000000000E0,-1.065264456E-3,0.000000000E0
2.602275625E2,-1.597896684E-3,-1.065264456E-3,-3.195793368E-3
2.604787832E2,-1.597896684E-3,5.326322280E-4,-5.326322280E-4
2.607300954E2,-5.326322280E-4,-1.597896684E-3,-1.065264456E-3
2.609811025E2,1.597896684E-3,-1.597896684E-3,-1.597896684E-3
2.612318349E2,-1.597896684E-3,1.065264456E-3,1.065264456E-3
2.614830556E2,5.326322280E-4,1.597896684E-3,2.130528912E-3
2.617341238E2,-5.326322280E-4,-5.326322280E-4,-4.793690052E-3
2.619852834E2,-1.597896684E-3,1.065264456E-3,-5.326322280E-4
2.622361074E2,1.065264456E-3,0.000000000E0,-5.326322280E-4
2.624872976E2,1.597896684E-3,-1.065264456E-3,-3.195793368E-3
2.627384267E2,0.000000000E0,0.000000000E0,0.000000000E0
2.629895864E2,2.130528912E-3,2.663161140E-3,2.130528912E-3
2.632405935E2,2.130528912E-3,-5.326322280E-4,-5.326322280E-4
2.634915700E2,-5.326322280E-4,1.065264456E-3,-1.065264456E-3
2.637426076E2,1.597896684E-3,1.065264456E-3,-1.065264456E-3
2.639938589E2,-1.065264456E-3,1.597896684E-3,1.597896684E-3
2.642449575E2,0.000000000E0,-1.597896684E-3,1.065264456E-3
2.644960561E2,0.000000000E0,1.065264456E-3,1.597896684E-3
2.647471853E2,1.065264456E-3,2.130528912E-3,5.326322280E-4
2.649984060E2,-2.663161140E-3,0.000000000E0,0.000000000E0
2.652494741E2,5.326322280E-4,5.326322280E-4,1.597896684E-3
2.655006338E2,1.065264456E-3,1.597896684E-3,-1.065264456E-3
2.657515493E2,-1.065264456E-3,5.326322280E-4,5.326322280E-4
2.660027700E2,5.326322280E-4,1.597896684E-3,0.000000000E0
2.662538991E2,-5.326322280E-4,1.065264456E-3,0.000000000E0
2.665051199E2,-5.326322280E-4,-5.326322280E-4,-5.326322280E-4
2.667563711E2,-1.065264456E-3,0.000000000E0,5.326322280E-4
2.670076223E2,-2.130528912E-3,-1.065264456E-3,-1.597896684E-3
2.672585989E2,-2.130528912E-3,0.000000000E0,-2.663161140E-3
2.675095754E2,1.065264456E-3,-2.130528912E-3,-1.065264456E-3
2.677606130E2,-5.326322280E-4,0.000000000E0,-1.065264456E-3
2.680116201E2,5.326322280E-4,5.326322280E-4,2.130528912E-3
2.682627492E2,0.000000000E0,1.065264456E-3,5.326322280E-4
2.685140005E2,5.326322280E-4,-1.597896684E-3,5.326322280E-4
2.687654348E2,5.326322280E-4,-2.130528912E-3,-1.065264456E-3
2.690165029E2,-2.130528912E-3,5.326322280E-4,1.065264456E-3
2.692678152E2,-5.326322280E-4,1.065264456E-3,0.000000000E0
2.695190054E2,1.597896684E-3,5.326322280E-4,-5.326322280E-4
2.697699939E2,0.000000000E0,2.130528912E-3,-2.130528912E-3
2.700209399E2,-2.130528912E-3,-1.065264456E-3,-1.597896684E-3
2.702722216E2,0.000000000E0,0.000000000E0,-2.130528912E-3
2.705233508E2,-5.326322280E-4,5.326322280E-4,-3.195793368E-3
2.707743273E2,-2.130528912E-3,1.065264456E-3,5.326322280E-4
2.710255175E2,0.000000000E0,-1.065264456E-3,5.326322280E-4
2.712765551E2,-1.065264456E-3,1.597896684E-3,0.000000000E0
2.715275622E2,0.000000000E0,-2.130528912E-3,1.597896684E-3
2.717788439E2,-3.728425596E-3,0.000000000E0,-5.326322280E-4
2.720300036E2,-1.597896684E-3,0.000000000E0,2.663161140E-3
2.722811328E2,1.065264456E-3,-5.326322280E-4,-2.663161140E-3
2.725320788E2,1.065264456E-3,0.000000000E0,-4.261057824E-3
2.727832080E2,-1.597896684E-3,-5.326322280E-4,-1.597896684E-3
2.730344287E2,1.597896684E-3,0.000000000E0,-5.326322280E-4
2.732854968E2,0.000000000E0,1.065264456E-3,3.195793368E-3
2.735366259E2,-5.326322280E-4,1.065264456E-3,5.326322280E-4
2.737875109E2,-5.326322280E-4,5.326322280E-4,-2.130528912E-3
2.740387316E2,5.326322280E-4,5.326322280E-4,-1.065264456E-3
2.742900439E2,-1.597896684E-3,-5.326322280E-4,2.663161140E-3
2.745411120E2,-1.065264456E-3,5.326322280E-4,-1.065264456E-3
2.747922412E2,5.326322280E-4,2.130528912E-3,2.130528912E-3
2.750434619E2,0.000000000E0,0.000000000E0,-1.597896684E-3
2.752945300E2,-5.326322280E-4,1.597896684E-3,1.597896684E-3
2.755455676E2,1.597896684E-3,1.597896684E-3,0.000000000E0
2.757967578E2,1.597896684E-3,5.326322280E-4,1.597896684E-3
2.760479480E2,0.000000000E0,2.130528912E-3,3.195793368E-3
2.762991381E2,5.326322280E-4,1.597896684E-3,5.326322280E-4
2.765500537E2,-2.130528912E-3,0.000000000E0,5.326322280E-4
2.768013049E2,-5.326322280E-4,1.597896684E-3,2.130528912E-3
2.770524035E2,5.326322280E-4,5.326322280E-4,0.000000000E0
2.773035632E2,1.597896684E-3,5.326322280E-4,-5.326322280E-4
2.775548449E2,-1.065264456E-3,2.130528912E-3,-1.065264456E-3
2.778058825E2,0.000000000E0,5.326322280E-4,1.065264456E-3
2.780569812E2,5.326322280E-4,-1.065264456E-3,1.065264456E-3
2.783081713E2,0.000000000E0,1.065264456E-3,-5.326322280E-4
2.785591784E2,5.326322280E-4,5.326322280E-4,-1.065264456E-3
2.788100634E2,0.000000000E0,-5.326322280E-4,-1.597896684E-3
2.790609790E2,0.000000000E0,0.000000000E0,-5.326322280E-4
2.793121081E2,0.000000000E0,2.663161140E-3,2.663161140E-3
2.795631457E2,0.000000000E0,1.065264456E-3,5.326322280E-4
2.798142749E2,-1.065264456E-3,-5.326322280E-4,0.000000000E0
2.800653125E2,-3.195793368E-3,1.597896684E-3,-1.597896684E-3
2.803165637E2,-3.728425596E-3,-5.326322280E-4,1.597896684E-3
2.805674792E2,2.663161140E-3,1.597896684E-3,0.000000000E0
2.808183947E2,1.065264456E-3,5.326322280E-4,1.065264456E-3
2.810696154E2,2.130528912E-3,-1.065264456E-3,2.130528912E-3
2.813206530E2,-2.130528912E-3,5.326322280E-4,-2.663161140E-3
2.815717517E2,-1.065264456E-3,5.326322280E-4,-1.597896684E-3
2.818229113E2,5.326322280E-4,-1.597896684E-3,1.065264456E-3
2.820740100E2,-5.326322280E-4,-5.326322280E-4,-2.130528912E-3
2.823251696E2,5.326322280E-4,5.326322280E-4,0.000000000E0
2.825766040E2,-1.065264456E-3,2.130528912E-3,-1.065264456E-3
2.828276110E2,-1.065264456E-3,-2.130528912E-3,-5.326322280E-4
2.830786181E2,0.000000000E0,5.326322280E-4,5.326322280E-4
2.833297473E2,0.000000000E0,-1.597896684E-3,-1.597896684E-3
2.835808764E2,5.326322280E-4,1.065264456E-3,1.065264456E-3
2.838320666E2,1.065264456E-3,5.326322280E-4,5.326322280E-4
2.840831652E2,-1.065264456E-3,-5.326322280E-4,-1.065264456E-3
2.843342639E2,4.261057824E-3,1.597896684E-3,1.065264456E-3
2.845853930E2,1.597896684E-3,0.000000000E0,5.326322280E-4
2.848365222E2,4.793690052E-3,-5.326322280E-4,1.065264456E-3
2.850876513E2,-2.663161140E-3,-1.597896684E-3,-3.195793368E-3
2.853388415E2,-1.597896684E-3,1.597896684E-3,-1.597896684E-3
2.855898791E2,-1.065264456E-3,-5.326322280E-4,-1.065264456E-3
2.858411303E2,-5.326322280E-4,1.065264456E-3,-5.326322280E-4
2.860923205E2,-1.065264456E-3,3.728425596E-3,0.000000000E0
2.863436022E2,-3.195793368E-3,-5.326322280E-4,-2.663161140E-3
2.865948535E2,5.326322280E-4,-1.065264456E-3,-1.597896684E-3
2.868458606E2,2.130528912E-3,2.130528912E-3,5.326322280E-4
2.870969592E2,1.065264456E-3,5.326322280E-4,1.065264456E-3
2.873479357E2,0.000000000E0,1.065264456E-3,-2.663161140E-3
2.875993396E2,-5.326322280E-4,-1.065264456E-3,-1.065264456E-3
2.878504382E2,-2.130528912E-3,2.130528912E-3,-1.597896684E-3
2.881016589E2,-2.130528912E-3,1.065264456E-3,-1.065264456E-3
2.883528186E2,1.065264456E-3,0.000000000E0,1.597896684E-3
2.886039477E2,0.000000000E0,5.326322280E-4,5.326322280E-4
2.888550769E2,5.326322280E-4,5.326322280E-4,-2.663161140E-3
2.891060839E2,-1.065264456E-3,5.326322280E-4,1.597896684E-3
2.893571215E2,-2.663161140E-3,0.000000000E0,-1.065264456E-3
2.896082507E2,5.326322280E-4,5.326322280E-4,0.000000000E0
2.898593493E2,-5.326322280E-4,0.000000000E0,-1.065264456E-3
2.901106311E2,0.000000000E0,-1.597896684E-3,-1.597896684E-3
2.903616992E2,0.000000000E0,2.130528912E-3,-1.597896684E-3
2.906127351E2,-5.326322280E-4,1.065264456E-3,5.326322280E-4
2.908638643E2,-5.326322280E-4,1.065264456E-3,1.597896684E-3
2.911150850E2,-2.130528912E-3,0.000000000E0,0.000000000E0
2.913663667E2,0.000000000E0,5.326322280E-4,3.728425596E-3
2.916176484E2,-5.326322280E-4,1.065264456E-3,-1.597896684E-3
2.918685335E2,0.000000000E0,0.000000000E0,3.195793368E-3
2.921196626E2,-1.597896684E-3,1.065264456E-3,1.597896684E-3
2.923707307E2,1.065264456E-3,2.130528912E-3,1.065264456E-3
2.926217988E2,5.326322280E-4,2.663161140E-3,0.000000000E0
2.928731721E2,-5.326322280E-4,0.000000000E0,-2.130528912E-3
2.931243013E2,0.000000000E0,-2.130528912E-3,-5.326322280E-4
2.933753084E2,-1.065264456E-3,1.065264456E-3,-3.195793368E-3
2.936263460E2,5.326322280E-4,5.326322280E-4,0.000000000E0
2.938773836E2,5.326322280E-4,2.130528912E-3,2.130528912E-3
2.941284822E2,-2.663161140E-3,5.326322280E-4,1.597896684E-3
2.943797029E2,-2.130528912E-3,-1.065264456E-3,2.663161140E-3
2.946309236E2,1.065264456E-3,1.065264456E-3,1.065264456E-3
2.948819917E2,1.597896684E-3,0.000000000E0,-1.065264456E-3
2.951332124E2,-5.326322280E-4,5.326322280E-4,-2.130528912E-3
2.953843110E2,0.000000000E0,0.000000000E0,1.597896684E-3
2.956353181E2,-1.597896684E-3,-1.597896684E-3,5.326322280E-4
2.958862947E2,-5.326322280E-4,5.326322280E-4,-2.130528912E-3
2.961376375E2,-5.326322280E-4,1.065264456E-3,-1.065264456E-3
2.963888582E2,-2.663161140E-3,-5.326322280E-4,-3.728425596E-3
2.966401094E2,-1.597896684E-3,0.000000000E0,-5.326322280E-4
2.968913606E2,-1.597896684E-3,2.663161140E-3,-1.597896684E-3
2.971424592E2,-2.130528912E-3,-5.326322280E-4,-3.195793368E-3
2.973936494E2,1.065264456E-3,5.326322280E-4,0.000000000E0
2.976447175E2,1.065264456E-3,1.597896684E-3,-5.326322280E-4
2.978959993E2,-1.065264456E-3,1.065264456E-3,-1.597896684E-3
2.981471589E2,1.065264456E-3,0.000000000E0,2.130528912E-3
2.983981965E2,2.663161140E-3,-5.326322280E-4,5.326322280E-4
2.986493867E2,-1.597896684E-3,-5.326322280E-4,1.597896684E-3
2.989004243E2,5.326322280E-4,0.000000000E0,0.000000000E0
2.991515535E2,-1.065264456E-3,5.326322280E-4,1.597896684E-3
2.994027437E2,0.000000000E0,-1.597896684E-3,1.597896684E-3
2.996539033E2,-5.326322280E-4,5.326322280E-4,5.326322280E-4
