"Time (s)","Magnetic field x (µT)","Magnetic field y (µT)","Magnetic field z (µT)"
4.113769500E-2,2.202000046E1,3.137999916E1,-5.969999695E1
2.919921870E-1,2.165999985E1,3.234000015E1,-6.047999954E1
5.431823730E-1,2.142000008E1,3.209999847E1,-6.102000046E1
7.942199710E-1,2.147999954E1,3.263999939E1,-6.023999786E1
1.045288086E0,2.165999985E1,3.143999863E1,-6.005999756E1
1.296508789E0,2.153999901E1,3.215999985E1,-5.993999863E1
1.547607422E0,2.135999870E1,3.161999893E1,-5.969999695E1
1.798675537E0,2.207999992E1,3.197999954E1,-6.005999756E1
2.049896240E0,2.207999992E1,3.113999939E1,-5.927999878E1
2.300872803E0,2.142000008E1,3.221999741E1,-5.969999695E1
2.552001953E0,2.184000015E1,3.227999878E1,-6.000000000E1
2.803039551E0,2.171999931E1,3.197999954E1,-6.029999924E1
3.054321289E0,2.213999939E1,3.209999847E1,-5.934000015E1
3.305358887E0,2.171999931E1,3.204000092E1,-5.897999954E1
3.556640625E0,2.189999962E1,3.185999870E1,-5.939999771E1
3.807830810E0,2.171999931E1,3.150000000E1,-6.005999756E1
4.058898926E0,2.123999977E1,3.204000092E1,-5.963999939E1
4.310241699E0,2.184000015E1,3.209999847E1,-6.035999680E1
4.561462402E0,2.189999962E1,3.113999939E1,-6.041999817E1
4.812744140E0,2.147999954E1,3.143999863E1,-5.915999985E1
5.063751221E0,2.093999863E1,3.185999870E1,-5.885999680E1
5.314666748E0,2.177999878E1,3.215999985E1,-5.952000046E1
5.565765381E0,2.165999985E1,3.204000092E1,-5.909999847E1
5.816833496E0,2.111999893E1,3.221999741E1,-5.915999985E1
6.067932129E0,2.160000038E1,3.215999985E1,-5.909999847E1
6.318939209E0,2.153999901E1,3.239999771E1,-5.969999695E1
6.570129394E0,2.165999985E1,3.227999878E1,-5.981999969E1
6.821380615E0,2.184000015E1,3.281999969E1,-6.035999680E1
7.072814941E0,2.111999893E1,3.131999969E1,-6.041999817E1
7.323913574E0,2.255999947E1,3.215999985E1,-6.005999756E1
7.575012207E0,2.177999878E1,3.155999947E1,-5.957999802E1
7.826293945E0,2.202000046E1,3.252000046E1,-6.023999786E1
8.077543434E0,2.202000046E1,3.143999863E1,-5.987999725E1
8.328642067E0,2.189999962E1,3.234000015E1,-5.952000046E1
8.579801735E0,2.184000015E1,3.263999939E1,-5.993999863E1
8.830930886E0,2.226000023E1,3.275999832E1,-5.957999802E1
9.082182106E0,2.202000046E1,3.234000015E1,-5.987999725E1
9.333463845E0,2.184000015E1,3.227999878E1,-5.969999695E1
9.584745583E0,2.147999954E1,3.137999916E1,-5.957999802E1
9.835722145E0,2.171999931E1,3.221999741E1,-5.957999802E1
1.008682078E1,2.184000015E1,3.161999893E1,-5.945999908E1
1.033788889E1,2.184000015E1,3.234000015E1,-6.005999756E1
1.058895701E1,2.202000046E1,3.155999947E1,-6.023999786E1
1.084005564E1,2.142000008E1,3.234000015E1,-6.035999680E1
1.109109324E1,2.184000015E1,3.185999870E1,-6.018000031E1
1.134228343E1,2.160000038E1,3.221999741E1,-5.921999741E1
1.159335154E1,2.202000046E1,3.173999977E1,-5.927999878E1
1.184417551E1,2.123999977E1,3.209999847E1,-6.018000031E1
1.209509104E1,2.171999931E1,3.161999893E1,-5.981999969E1
1.234612864E1,2.195999908E1,3.263999939E1,-5.993999863E1
1.259722727E1,2.202000046E1,3.155999947E1,-5.981999969E1
1.284817332E1,2.165999985E1,3.197999954E1,-5.993999863E1
1.309927195E1,2.171999931E1,3.221999741E1,-6.018000031E1
1.335034007E1,2.165999985E1,3.252000046E1,-6.011999893E1
1.360149973E1,2.189999962E1,3.192000008E1,-6.023999786E1
1.385253733E1,2.184000015E1,3.209999847E1,-5.969999695E1
1.410391062E1,2.171999931E1,3.167999840E1,-5.963999939E1
1.435500926E1,2.147999954E1,3.234000015E1,-6.005999756E1
1.460616892E1,2.118000031E1,3.221999741E1,-5.981999969E1
1.485717600E1,2.184000015E1,3.161999893E1,-6.011999893E1
1.510839671E1,2.160000038E1,3.107999992E1,-5.945999908E1
1.535949534E1,2.153999901E1,3.209999847E1,-6.059999847E1
1.561086863E1,2.100000000E1,3.161999893E1,-6.053999710E1
1.586193675E1,2.202000046E1,3.137999916E1,-6.005999756E1
1.611312693E1,2.147999954E1,3.204000092E1,-6.023999786E1
1.636431712E1,2.195999908E1,3.239999771E1,-6.084000015E1
1.661544627E1,2.153999901E1,3.209999847E1,-6.125999832E1
1.686651438E1,2.226000023E1,3.209999847E1,-5.963999939E1
1.711776560E1,2.231999969E1,3.204000092E1,-6.018000031E1
1.736898630E1,2.153999901E1,3.252000046E1,-5.963999939E1
1.762017649E1,2.184000015E1,3.155999947E1,-5.993999863E1
1.787130564E1,2.189999962E1,3.089999962E1,-6.011999893E1
1.812237376E1,2.189999962E1,3.126000023E1,-5.934000015E1
1.837347239E1,2.129999924E1,3.209999847E1,-6.053999710E1
1.862450999E1,2.165999985E1,3.150000000E1,-5.981999969E1
1.887566966E1,2.160000038E1,3.245999908E1,-5.987999725E1
1.912679880E1,2.177999878E1,3.161999893E1,-6.023999786E1
1.937798899E1,2.226000023E1,3.150000000E1,-5.975999832E1
1.962914866E1,2.111999893E1,3.161999893E1,-5.969999695E1
1.988027781E1,2.226000023E1,3.239999771E1,-6.005999756E1
2.013143748E1,2.057999992E1,3.137999916E1,-5.945999908E1
2.038265818E1,2.111999893E1,3.257999802E1,-5.993999863E1
2.063378733E1,2.273999977E1,3.161999893E1,-6.011999893E1
2.088485545E1,2.261999893E1,3.173999977E1,-6.000000000E1
2.113598460E1,2.160000038E1,3.167999840E1,-6.023999786E1
2.138708323E1,2.213999939E1,3.252000046E1,-6.107999802E1
2.163839548E1,2.202000046E1,3.150000000E1,-5.987999725E1
2.188964671E1,2.153999901E1,3.215999985E1,-5.903999710E1
2.214074534E1,2.081999969E1,3.185999870E1,-6.053999710E1
2.239193552E1,2.123999977E1,3.185999870E1,-5.993999863E1
2.264315623E1,2.118000031E1,3.185999870E1,-5.993999863E1
2.289446848E1,2.184000015E1,3.167999840E1,-6.035999680E1
2.314562815E1,2.177999878E1,3.204000092E1,-6.005999756E1
2.339669627E1,2.160000038E1,3.234000015E1,-6.005999756E1
2.364773386E1,2.207999992E1,3.239999771E1,-6.005999756E1
2.389880198E1,2.123999977E1,3.192000008E1,-5.927999878E1
2.415020579E1,2.123999977E1,3.155999947E1,-6.005999756E1
2.440145701E1,2.219999886E1,3.185999870E1,-5.987999725E1
2.465276926E1,2.250000000E1,3.209999847E1,-6.011999893E1
2.490386790E1,2.111999893E1,3.204000092E1,-6.005999756E1
2.515521067E1,2.160000038E1,3.173999977E1,-6.095999908E1
2.540646189E1,2.129999924E1,3.185999870E1,-5.952000046E1
2.565756052E1,2.171999931E1,3.131999969E1,-5.993999863E1
2.590859812E1,2.184000015E1,3.204000092E1,-6.005999756E1
2.615963572E1,2.195999908E1,3.155999947E1,-5.927999878E1
2.641076487E1,2.147999954E1,3.161999893E1,-6.018000031E1
2.666207713E1,2.153999901E1,3.221999741E1,-5.969999695E1
2.691299265E1,2.184000015E1,3.245999908E1,-6.005999756E1
2.716393870E1,2.129999924E1,3.113999939E1,-5.975999832E1
2.741518992E1,2.160000038E1,3.161999893E1,-6.035999680E1
2.766647166E1,2.100000000E1,3.209999847E1,-5.963999939E1
2.791760081E1,2.165999985E1,3.192000008E1,-6.011999893E1
2.816869944E1,2.129999924E1,3.197999954E1,-6.053999710E1
2.841992014E1,2.202000046E1,3.252000046E1,-6.023999786E1
2.867095774E1,2.202000046E1,3.227999878E1,-5.975999832E1
2.892223948E1,2.195999908E1,3.179999924E1,-5.957999802E1
2.917324656E1,2.189999962E1,3.227999878E1,-5.987999725E1
2.942422312E1,2.219999886E1,3.215999985E1,-5.969999695E1
2.967532176E1,2.153999901E1,3.179999924E1,-6.005999756E1
2.992645091E1,2.076000023E1,3.167999840E1,-6.011999893E1
3.017758006E1,2.202000046E1,3.215999985E1,-6.011999893E1
3.042867869E1,2.189999962E1,3.131999969E1,-6.053999710E1
3.067980784E1,2.135999870E1,3.179999924E1,-6.077999878E1
3.093099802E1,2.129999924E1,3.173999977E1,-5.934000015E1
3.118224924E1,2.177999878E1,3.137999916E1,-6.035999680E1
3.143340891E1,2.184000015E1,3.221999741E1,-6.011999893E1
3.168453806E1,2.177999878E1,3.197999954E1,-6.053999710E1
3.193594187E1,2.118000031E1,3.143999863E1,-5.957999802E1
3.218694895E1,2.153999901E1,3.167999840E1,-6.053999710E1
3.243823069E1,2.100000000E1,3.179999924E1,-6.041999817E1
3.268926829E1,2.202000046E1,3.197999954E1,-6.023999786E1
3.294045847E1,2.160000038E1,3.173999977E1,-6.005999756E1
3.319161814E1,2.160000038E1,3.173999977E1,-5.915999985E1
3.344289988E1,2.129999924E1,3.126000023E1,-5.975999832E1
3.369409007E1,2.135999870E1,3.126000023E1,-5.987999725E1
3.394531077E1,2.147999954E1,3.161999893E1,-5.934000015E1
3.419650095E1,2.237999916E1,3.257999802E1,-5.975999832E1
3.444766062E1,2.165999985E1,3.095999908E1,-5.957999802E1
3.469903391E1,2.184000015E1,3.167999840E1,-5.981999969E1
3.495016306E1,2.219999886E1,3.173999977E1,-6.077999878E1
3.520144480E1,2.219999886E1,3.155999947E1,-5.975999832E1
3.545263499E1,2.219999886E1,3.161999893E1,-5.975999832E1
3.570370310E1,2.081999969E1,3.143999863E1,-6.023999786E1
3.595477122E1,2.142000008E1,3.179999924E1,-6.071999741E1
3.620596140E1,2.213999939E1,3.161999893E1,-6.005999756E1
3.645727366E1,2.195999908E1,3.155999947E1,-5.981999969E1
3.670864695E1,2.123999977E1,3.270000076E1,-6.059999847E1
3.695968455E1,2.153999901E1,3.197999954E1,-6.000000000E1
3.721078318E1,2.184000015E1,3.161999893E1,-6.071999741E1
3.746200388E1,2.231999969E1,3.185999870E1,-5.921999741E1
3.771316355E1,2.135999870E1,3.161999893E1,-5.987999725E1
3.796423167E1,2.123999977E1,3.179999924E1,-6.018000031E1
3.821520823E1,2.165999985E1,3.143999863E1,-6.089999771E1
3.846648997E1,2.069999886E1,3.173999977E1,-6.000000000E1
3.871783274E1,2.123999977E1,3.167999840E1,-6.047999954E1
3.896899241E1,2.160000038E1,3.227999878E1,-5.963999939E1
3.922036570E1,2.165999985E1,3.270000076E1,-6.005999756E1
3.947152537E1,2.207999992E1,3.234000015E1,-6.065999985E1
3.972289866E1,2.189999962E1,3.215999985E1,-6.023999786E1
3.997408885E1,2.093999863E1,3.173999977E1,-6.023999786E1
4.022506541E1,2.213999939E1,3.252000046E1,-6.059999847E1
4.047637766E1,2.165999985E1,3.192000008E1,-5.987999725E1
4.072720249E1,2.213999939E1,3.197999954E1,-5.969999695E1
4.097848423E1,2.255999947E1,3.234000015E1,-5.981999969E1
4.122952183E1,2.195999908E1,3.209999847E1,-6.000000000E1
4.148058994E1,2.165999985E1,3.084000015E1,-5.981999969E1
4.173178013E1,2.129999924E1,3.215999985E1,-6.029999924E1
4.198306186E1,2.160000038E1,3.089999962E1,-6.084000015E1
4.223440464E1,2.189999962E1,3.209999847E1,-6.077999878E1
4.248541172E1,2.165999985E1,3.227999878E1,-5.957999802E1
4.273663242E1,2.142000008E1,3.192000008E1,-6.018000031E1
4.298788364E1,2.147999954E1,3.150000000E1,-6.035999680E1
4.323919590E1,2.111999893E1,3.161999893E1,-5.993999863E1
4.349038608E1,2.184000015E1,3.095999908E1,-5.952000046E1
4.374133213E1,2.160000038E1,3.179999924E1,-6.023999786E1
4.399240024E1,2.189999962E1,3.150000000E1,-5.934000015E1
4.424368198E1,2.213999939E1,3.204000092E1,-5.993999863E1
4.449487217E1,2.165999985E1,3.150000000E1,-5.975999832E1
4.474594028E1,2.142000008E1,3.215999985E1,-6.059999847E1
4.499719150E1,2.184000015E1,3.227999878E1,-5.975999832E1
4.524810703E1,2.160000038E1,3.252000046E1,-6.018000031E1
4.549941929E1,2.184000015E1,3.179999924E1,-6.011999893E1
4.575067051E1,2.171999931E1,3.252000046E1,-6.041999817E1
4.600183018E1,2.171999931E1,3.192000008E1,-6.029999924E1
4.625308140E1,2.142000008E1,3.234000015E1,-6.084000015E1
4.650399692E1,2.171999931E1,3.192000008E1,-6.005999756E1
4.675533970E1,2.177999878E1,3.197999954E1,-6.071999741E1
4.700652988E1,2.177999878E1,3.192000008E1,-5.957999802E1
4.725790317E1,2.184000015E1,3.131999969E1,-6.029999924E1
4.750924595E1,2.153999901E1,3.197999954E1,-6.029999924E1
4.776037510E1,2.195999908E1,3.161999893E1,-5.963999939E1
4.801156528E1,2.195999908E1,3.185999870E1,-6.089999771E1
4.826272495E1,2.129999924E1,3.107999992E1,-5.945999908E1
4.851391514E1,2.153999901E1,3.150000000E1,-6.018000031E1
4.876507481E1,2.202000046E1,3.252000046E1,-6.041999817E1
4.901614292E1,2.184000015E1,3.192000008E1,-6.011999893E1
4.926711948E1,2.219999886E1,3.137999916E1,-5.987999725E1
4.951812656E1,2.147999954E1,3.167999840E1,-5.921999741E1
4.976946934E1,2.171999931E1,3.221999741E1,-6.065999985E1
5.002065952E1,2.213999939E1,3.179999924E1,-6.023999786E1
5.027181919E1,2.177999878E1,3.204000092E1,-6.113999939E1
5.052297886E1,2.129999924E1,3.179999924E1,-5.963999939E1
5.077429111E1,2.226000023E1,3.161999893E1,-5.981999969E1
5.102548130E1,2.202000046E1,3.150000000E1,-6.018000031E1
5.127679356E1,2.160000038E1,3.155999947E1,-5.969999695E1
5.152804478E1,2.057999992E1,3.204000092E1,-6.047999954E1
5.177926548E1,2.153999901E1,3.173999977E1,-5.993999863E1
5.203063877E1,2.195999908E1,3.192000008E1,-6.018000031E1
5.228185947E1,2.213999939E1,3.119999886E1,-5.934000015E1
5.253326328E1,2.142000008E1,3.161999893E1,-6.095999908E1
5.278439243E1,2.177999878E1,3.239999771E1,-6.000000000E1
5.303543003E1,2.250000000E1,3.192000008E1,-6.005999756E1
5.328652866E1,2.219999886E1,3.137999916E1,-6.005999756E1
5.353768833E1,2.202000046E1,3.257999802E1,-6.018000031E1
5.378893955E1,2.243999863E1,3.192000008E1,-5.993999863E1
5.404019077E1,2.226000023E1,3.209999847E1,-6.071999741E1
5.429110630E1,2.160000038E1,3.161999893E1,-6.023999786E1
5.454220493E1,2.177999878E1,3.150000000E1,-5.945999908E1
5.479339512E1,2.184000015E1,3.131999969E1,-6.041999817E1
5.504452427E1,2.226000023E1,3.215999985E1,-5.945999908E1
5.529571445E1,2.165999985E1,3.119999886E1,-6.035999680E1
5.554672153E1,2.202000046E1,3.185999870E1,-5.993999863E1
5.579788120E1,2.135999870E1,3.173999977E1,-6.005999756E1
5.604904087E1,2.226000023E1,3.119999886E1,-6.023999786E1
5.630038364E1,2.207999992E1,3.131999969E1,-5.963999939E1
5.655160435E1,2.219999886E1,3.137999916E1,-6.059999847E1
5.680279453E1,2.202000046E1,3.167999840E1,-5.975999832E1
5.705398472E1,2.250000000E1,3.185999870E1,-6.041999817E1
5.730511387E1,2.100000000E1,3.179999924E1,-6.000000000E1
5.755627354E1,2.147999954E1,3.179999924E1,-5.975999832E1
5.780743320E1,2.195999908E1,3.204000092E1,-6.119999695E1
5.805862339E1,2.189999962E1,3.155999947E1,-6.095999908E1
5.830956943E1,2.160000038E1,3.192000008E1,-5.981999969E1
5.856075962E1,2.171999931E1,3.234000015E1,-6.053999710E1
5.881185825E1,2.195999908E1,3.119999886E1,-5.981999969E1
5.906298740E1,2.147999954E1,3.192000008E1,-6.018000031E1
5.931420811E1,2.142000008E1,3.143999863E1,-6.005999756E1
5.956506260E1,2.255999947E1,3.275999832E1,-5.987999725E1
5.981619175E1,2.118000031E1,3.150000000E1,-6.047999954E1
6.006741245E1,2.189999962E1,3.126000023E1,-6.023999786E1
6.031860264E1,2.153999901E1,3.167999840E1,-6.023999786E1
6.056973179E1,2.177999878E1,3.143999863E1,-5.993999863E1
6.082107456E1,2.165999985E1,3.185999870E1,-6.041999817E1
6.107241733E1,2.129999924E1,3.119999886E1,-5.927999878E1
6.132348545E1,2.219999886E1,3.126000023E1,-5.957999802E1
6.157449253E1,2.147999954E1,3.227999878E1,-6.041999817E1
6.182562168E1,2.147999954E1,3.155999947E1,-6.107999802E1
6.207672031E1,2.165999985E1,3.143999863E1,-6.035999680E1
6.232815464E1,2.207999992E1,3.185999870E1,-6.047999954E1
6.257916172E1,2.160000038E1,3.113999939E1,-6.077999878E1
6.283041294E1,2.189999962E1,3.185999870E1,-6.023999786E1
6.308148106E1,2.160000038E1,3.185999870E1,-6.005999756E1
6.333294590E1,2.207999992E1,3.185999870E1,-5.952000046E1
6.358413608E1,2.202000046E1,3.137999916E1,-6.000000000E1
6.383514316E1,2.142000008E1,3.204000092E1,-6.005999756E1
6.408636387E1,2.237999916E1,3.137999916E1,-5.987999725E1
6.433752354E1,2.076000023E1,3.155999947E1,-6.018000031E1
6.458868320E1,2.147999954E1,3.173999977E1,-5.981999969E1
6.484011753E1,2.177999878E1,3.137999916E1,-5.981999969E1
6.509142978E1,2.184000015E1,3.227999878E1,-6.023999786E1
6.534268101E1,2.153999901E1,3.234000015E1,-5.981999969E1
6.559390171E1,2.202000046E1,3.221999741E1,-6.018000031E1
6.584503086E1,2.135999870E1,3.143999863E1,-6.005999756E1
6.609609898E1,2.111999893E1,3.257999802E1,-6.011999893E1
6.634731968E1,2.111999893E1,3.113999939E1,-6.059999847E1
6.659841831E1,2.171999931E1,3.065999985E1,-5.927999878E1
6.684942539E1,2.087999916E1,3.215999985E1,-5.921999741E1
6.710064609E1,2.153999901E1,3.107999992E1,-6.053999710E1
6.735186680E1,2.195999908E1,3.167999840E1,-5.963999939E1
6.760314854E1,2.189999962E1,3.161999893E1,-5.934000015E1
6.785427769E1,2.165999985E1,3.215999985E1,-6.029999924E1
6.810522373E1,2.142000008E1,3.161999893E1,-6.041999817E1
6.835638340E1,2.135999870E1,3.137999916E1,-5.939999771E1
6.860751255E1,2.153999901E1,3.173999977E1,-5.952000046E1
6.885870274E1,2.213999939E1,3.227999878E1,-6.000000000E1
6.910995396E1,2.160000038E1,3.161999893E1,-6.018000031E1
6.936108311E1,2.219999886E1,3.215999985E1,-5.981999969E1
6.961215122E1,2.153999901E1,3.167999840E1,-5.993999863E1
6.986343296E1,2.153999901E1,3.155999947E1,-6.018000031E1
7.011477573E1,2.123999977E1,3.234000015E1,-6.029999924E1
7.036587437E1,2.207999992E1,3.137999916E1,-6.000000000E1
7.061700352E1,2.087999916E1,3.215999985E1,-5.939999771E1
7.086807163E1,2.129999924E1,3.150000000E1,-6.000000000E1
7.111929233E1,2.142000008E1,3.155999947E1,-5.981999969E1
7.137069614E1,2.219999886E1,3.384000015E1,-6.011999893E1
7.162185445E1,2.160000038E1,3.185999870E1,-5.975999832E1
7.187304464E1,2.160000038E1,3.113999939E1,-6.059999847E1
7.212423482E1,2.153999901E1,3.150000000E1,-5.934000015E1
7.237551656E1,2.153999901E1,3.185999870E1,-5.885999680E1
7.262655416E1,2.039999962E1,3.095999908E1,-5.987999725E1
7.287756124E1,2.202000046E1,3.197999954E1,-6.041999817E1
7.312878194E1,2.142000008E1,3.234000015E1,-6.000000000E1
7.337978902E1,2.184000015E1,3.227999878E1,-6.011999893E1
7.363100972E1,2.171999931E1,3.167999840E1,-6.018000031E1
7.388192525E1,2.165999985E1,3.155999947E1,-5.963999939E1
7.413348165E1,2.153999901E1,3.161999893E1,-5.981999969E1
7.438464132E1,2.147999954E1,3.234000015E1,-5.934000015E1
7.463580098E1,2.195999908E1,3.167999840E1,-5.945999908E1
7.488702169E1,2.177999878E1,3.252000046E1,-5.969999695E1
7.513812032E1,2.237999916E1,3.215999985E1,-6.000000000E1
7.538906636E1,2.093999863E1,3.209999847E1,-6.047999954E1
7.564007344E1,2.231999969E1,3.185999870E1,-5.897999954E1
7.589108052E1,2.123999977E1,3.161999893E1,-5.952000046E1
7.614239278E1,2.111999893E1,3.113999939E1,-6.018000031E1
7.639355245E1,2.231999969E1,3.227999878E1,-6.053999710E1
7.664471212E1,2.231999969E1,3.179999924E1,-5.981999969E1
7.689581075E1,2.213999939E1,3.143999863E1,-5.939999771E1
7.714697042E1,2.184000015E1,3.143999863E1,-5.987999725E1
7.739803853E1,2.261999893E1,3.204000092E1,-5.963999939E1
7.764935079E1,2.202000046E1,3.209999847E1,-6.011999893E1
7.790041890E1,2.184000015E1,3.167999840E1,-6.029999924E1
7.815145650E1,2.052000046E1,3.215999985E1,-5.963999939E1
7.840258565E1,2.147999954E1,3.252000046E1,-6.095999908E1
7.865392842E1,2.147999954E1,3.329999924E1,-6.000000000E1
7.890499654E1,2.171999931E1,3.185999870E1,-6.071999741E1
7.915615621E1,2.177999878E1,3.185999870E1,-5.969999695E1
7.940731588E1,2.153999901E1,3.173999977E1,-6.011999893E1
7.965853658E1,2.063999939E1,3.185999870E1,-5.981999969E1
7.990948262E1,2.226000023E1,3.179999924E1,-6.029999924E1
8.016091695E1,2.160000038E1,3.197999954E1,-5.934000015E1
8.041192403E1,2.135999870E1,3.192000008E1,-6.107999802E1
8.066311422E1,2.087999916E1,3.143999863E1,-5.981999969E1
8.091427388E1,2.202000046E1,3.143999863E1,-6.005999756E1
8.116579976E1,2.177999878E1,3.209999847E1,-6.047999954E1
8.141680684E1,2.177999878E1,3.234000015E1,-6.005999756E1
8.166811910E1,2.195999908E1,3.084000015E1,-5.963999939E1
8.191924825E1,2.171999931E1,3.192000008E1,-5.885999680E1
8.217049947E1,2.213999939E1,3.131999969E1,-5.981999969E1
8.242159810E1,2.129999924E1,3.234000015E1,-6.000000000E1
8.267297139E1,2.243999863E1,3.192000008E1,-5.927999878E1
8.292403951E1,2.202000046E1,3.185999870E1,-5.987999725E1
8.317504659E1,2.184000015E1,3.215999985E1,-5.927999878E1
8.342608419E1,2.165999985E1,3.204000092E1,-5.963999939E1
8.367709127E1,2.184000015E1,3.192000008E1,-6.005999756E1
8.392843404E1,2.195999908E1,3.204000092E1,-6.000000000E1
8.417968526E1,2.189999962E1,3.143999863E1,-5.981999969E1
8.443087545E1,2.105999947E1,3.209999847E1,-6.023999786E1
8.468215719E1,2.153999901E1,3.204000092E1,-5.957999802E1
8.493343892E1,2.142000008E1,3.161999893E1,-6.035999680E1
8.518478170E1,2.135999870E1,3.179999924E1,-5.975999832E1
8.543600240E1,2.226000023E1,3.221999741E1,-5.981999969E1
8.568713155E1,2.177999878E1,3.197999954E1,-6.029999924E1
8.593832174E1,2.250000000E1,3.257999802E1,-5.993999863E1
8.618960347E1,2.160000038E1,3.179999924E1,-6.071999741E1
8.644091573E1,2.184000015E1,3.245999908E1,-5.975999832E1
8.669213643E1,2.076000023E1,3.155999947E1,-5.987999725E1
8.694326558E1,2.195999908E1,3.197999954E1,-5.981999969E1
8.719436422E1,2.202000046E1,3.179999924E1,-5.993999863E1
8.744570699E1,2.147999954E1,3.179999924E1,-5.987999725E1
8.769686666E1,2.171999931E1,3.192000008E1,-5.963999939E1
8.794820943E1,2.135999870E1,3.126000023E1,-5.969999695E1
8.819961324E1,2.195999908E1,3.150000000E1,-5.975999832E1
8.845071187E1,2.231999969E1,3.179999924E1,-5.945999908E1
8.870184102E1,2.142000008E1,3.197999954E1,-5.987999725E1
8.895309224E1,2.147999954E1,3.126000023E1,-6.000000000E1
8.920437398E1,2.123999977E1,3.192000008E1,-6.035999680E1
8.945574727E1,2.195999908E1,3.161999893E1,-5.981999969E1
8.970693746E1,2.195999908E1,3.252000046E1,-6.023999786E1
8.995806661E1,2.207999992E1,3.227999878E1,-6.011999893E1
9.020919576E1,2.189999962E1,3.150000000E1,-5.939999771E1
9.046029439E1,2.261999893E1,3.179999924E1,-5.993999863E1
9.071148458E1,2.123999977E1,3.131999969E1,-5.981999969E1
9.096258321E1,2.118000031E1,3.150000000E1,-6.005999756E1
9.121374288E1,2.093999863E1,3.185999870E1,-5.891999817E1
9.146487203E1,2.171999931E1,3.215999985E1,-5.981999969E1
9.171590963E1,2.202000046E1,3.197999954E1,-5.975999832E1
9.196694722E1,2.165999985E1,3.119999886E1,-5.987999725E1
9.221810689E1,2.123999977E1,3.227999878E1,-5.993999863E1
9.246944966E1,2.165999985E1,3.150000000E1,-6.029999924E1
9.272045675E1,2.093999863E1,3.234000015E1,-5.957999802E1
9.297158590E1,2.160000038E1,3.185999870E1,-5.873999786E1
9.322256246E1,2.165999985E1,3.137999916E1,-6.011999893E1
9.347378316E1,2.171999931E1,3.155999947E1,-5.969999695E1
9.372503438E1,2.111999893E1,3.143999863E1,-6.000000000E1
9.397625508E1,2.189999962E1,3.204000092E1,-5.975999832E1
9.422738424E1,2.129999924E1,3.119999886E1,-5.969999695E1
9.447854390E1,2.153999901E1,3.245999908E1,-6.041999817E1
9.472979512E1,2.111999893E1,3.252000046E1,-5.934000015E1
9.498098531E1,2.153999901E1,3.204000092E1,-5.993999863E1
9.523217550E1,2.177999878E1,3.137999916E1,-6.011999893E1
9.548336568E1,2.171999931E1,3.185999870E1,-6.023999786E1
9.573443380E1,2.135999870E1,3.192000008E1,-5.939999771E1
9.598583760E1,2.255999947E1,3.101999855E1,-6.000000000E1
9.623684469E1,2.195999908E1,3.281999969E1,-5.945999908E1
9.648803487E1,2.142000008E1,3.161999893E1,-5.987999725E1
9.673925557E1,2.207999992E1,3.221999741E1,-5.963999939E1
9.699044576E1,2.081999969E1,3.143999863E1,-5.921999741E1
9.724157491E1,2.153999901E1,3.209999847E1,-5.993999863E1
9.749294820E1,2.153999901E1,3.192000008E1,-5.921999741E1
9.774429097E1,2.195999908E1,3.101999855E1,-5.934000015E1
9.799557271E1,2.142000008E1,3.137999916E1,-5.957999802E1
9.824679342E1,2.202000046E1,3.161999893E1,-6.011999893E1
9.849798360E1,2.165999985E1,3.204000092E1,-5.952000046E1
9.874929586E1,2.171999931E1,3.185999870E1,-5.981999969E1
9.900048604E1,2.123999977E1,3.084000015E1,-5.915999985E1
9.925167623E1,2.231999969E1,3.167999840E1,-6.005999756E1
9.950298848E1,2.081999969E1,3.155999947E1,-6.035999680E1
9.975405660E1,2.147999954E1,3.234000015E1,-5.993999863E1
1.000053994E2,2.165999985E1,3.215999985E1,-6.011999893E1
1.002564980E2,2.147999954E1,3.234000015E1,-6.059999847E1
1.005075661E2,2.171999931E1,3.252000046E1,-5.993999863E1
1.007587563E2,2.142000008E1,3.101999855E1,-6.011999893E1
1.010097939E2,2.081999969E1,3.119999886E1,-5.945999908E1
1.012610146E2,2.171999931E1,3.185999870E1,-5.963999939E1
1.015123269E2,2.118000031E1,3.143999863E1,-5.939999771E1
1.017634560E2,2.142000008E1,3.161999893E1,-6.000000000E1
1.020144936E2,2.165999985E1,3.227999878E1,-5.861999893E1
1.022655368E2,2.135999870E1,3.161999893E1,-6.035999680E1
1.025166965E2,2.171999931E1,3.155999947E1,-5.915999985E1
1.027679477E2,2.147999954E1,3.161999893E1,-6.053999710E1
1.030192905E2,2.189999962E1,3.263999939E1,-6.018000031E1
1.032704501E2,2.123999977E1,3.192000008E1,-5.885999680E1
1.035215182E2,2.177999878E1,3.197999954E1,-5.993999863E1
1.037727084E2,2.177999878E1,3.221999741E1,-5.915999985E1
1.040239291E2,2.160000038E1,3.185999870E1,-5.993999863E1
1.042749057E2,2.129999924E1,3.161999893E1,-5.975999832E1
1.045261874E2,2.153999901E1,3.150000000E1,-6.023999786E1
1.047772861E2,2.219999886E1,3.221999741E1,-5.945999908E1
1.050284152E2,2.189999962E1,3.221999741E1,-5.981999969E1
1.052794833E2,2.147999954E1,3.197999954E1,-5.963999939E1
1.055307345E2,2.093999863E1,3.137999916E1,-6.000000000E1
1.057819247E2,2.189999962E1,3.173999977E1,-5.837999725E1
1.060332980E2,2.160000038E1,3.089999962E1,-5.993999863E1
1.062844577E2,2.123999977E1,3.150000000E1,-6.018000031E1
1.065358005E2,2.093999863E1,3.192000008E1,-5.957999802E1
1.067872653E2,2.142000008E1,3.209999847E1,-5.957999802E1
1.070384555E2,2.142000008E1,3.192000008E1,-5.969999695E1
1.072897067E2,2.202000046E1,3.227999878E1,-6.041999817E1
1.075405917E2,2.207999992E1,3.150000000E1,-6.053999710E1
1.077917819E2,2.111999893E1,3.204000092E1,-5.975999832E1
1.080428805E2,2.129999924E1,3.143999863E1,-5.981999969E1
1.082940402E2,2.129999924E1,3.209999847E1,-5.921999741E1
1.085453219E2,2.153999901E1,3.143999863E1,-6.000000000E1
1.087965121E2,2.160000038E1,3.185999870E1,-6.041999817E1
1.090477328E2,2.160000038E1,3.192000008E1,-5.957999802E1
1.092989230E2,2.123999977E1,3.173999977E1,-5.969999695E1
1.095500217E2,2.184000015E1,3.173999977E1,-5.927999878E1
1.098009067E2,2.045999908E1,3.173999977E1,-6.077999878E1
1.100520969E2,2.250000000E1,3.167999840E1,-6.071999741E1
1.103033481E2,2.195999908E1,3.270000076E1,-6.035999680E1
1.105544467E2,2.118000031E1,3.173999977E1,-6.023999786E1
1.108056369E2,2.160000038E1,3.221999741E1,-5.969999695E1
1.110568271E2,2.123999977E1,3.185999870E1,-5.957999802E1
1.113078952E2,2.087999916E1,3.185999870E1,-5.975999832E1
1.115589938E2,2.147999954E1,3.227999878E1,-5.952000046E1
1.118101840E2,2.171999931E1,3.161999893E1,-5.987999725E1
1.120615268E2,2.171999931E1,3.245999908E1,-5.957999802E1
1.123127170E2,2.105999947E1,3.215999985E1,-5.885999680E1
1.125639072E2,2.100000000E1,3.197999954E1,-6.011999893E1
1.128151584E2,2.184000015E1,3.155999947E1,-5.957999802E1
1.130660739E2,2.153999901E1,3.192000008E1,-6.023999786E1
1.133173251E2,2.142000008E1,3.185999870E1,-5.873999786E1
1.135683627E2,2.118000031E1,3.192000008E1,-6.029999924E1
1.138195834E2,2.135999870E1,3.131999969E1,-5.934000015E1
1.140708346E2,2.195999908E1,3.209999847E1,-5.903999710E1
1.143220859E2,2.207999992E1,3.234000015E1,-6.023999786E1
1.145733676E2,2.147999954E1,3.185999870E1,-5.957999802E1
1.148244662E2,2.105999947E1,3.185999870E1,-5.952000046E1
1.150755649E2,2.135999870E1,3.234000015E1,-5.993999863E1
1.153266330E2,2.177999878E1,3.137999916E1,-6.041999817E1
1.155779452E2,2.165999985E1,3.173999977E1,-6.095999908E1
1.158290744E2,2.153999901E1,3.137999916E1,-5.975999832E1
1.160803866E2,2.243999863E1,3.131999969E1,-6.000000000E1
1.163315158E2,2.147999954E1,3.234000015E1,-5.927999878E1
1.165826144E2,2.147999954E1,3.126000023E1,-6.000000000E1
1.168339877E2,2.226000023E1,3.221999741E1,-6.023999786E1
1.170852084E2,2.184000015E1,3.179999924E1,-6.089999771E1
1.173363681E2,2.160000038E1,3.227999878E1,-5.981999969E1
1.175877109E2,2.165999985E1,3.173999977E1,-5.915999985E1
1.178388400E2,2.195999908E1,3.089999962E1,-6.035999680E1
1.180899692E2,2.142000008E1,3.155999947E1,-5.975999832E1
1.183412204E2,2.135999870E1,3.239999771E1,-6.018000031E1
1.185922275E2,2.153999901E1,3.227999878E1,-5.993999863E1
1.188432956E2,2.147999954E1,3.179999924E1,-5.897999954E1
1.190946384E2,2.147999954E1,3.143999863E1,-5.987999725E1
1.193458285E2,2.100000000E1,3.119999886E1,-6.041999817E1
1.195970187E2,2.111999893E1,3.185999870E1,-5.963999939E1
1.198482089E2,2.160000038E1,3.227999878E1,-6.041999817E1
1.200993686E2,2.165999985E1,3.209999847E1,-5.981999969E1
1.203504062E2,2.165999985E1,3.197999954E1,-6.018000031E1
1.206016574E2,2.129999924E1,3.192000008E1,-5.939999771E1
1.208528781E2,2.202000046E1,3.119999886E1,-6.000000000E1
1.211041904E2,2.142000008E1,3.173999977E1,-5.957999802E1
1.213555331E2,2.153999901E1,3.227999878E1,-5.939999771E1
1.216067538E2,2.147999954E1,3.173999977E1,-6.018000031E1
1.218580966E2,2.123999977E1,3.215999985E1,-6.023999786E1
1.221091952E2,2.213999939E1,3.150000000E1,-5.981999969E1
1.223603854E2,2.129999924E1,3.227999878E1,-5.921999741E1
1.226115451E2,2.171999931E1,3.161999893E1,-6.000000000E1
1.228627048E2,2.207999992E1,3.150000000E1,-5.969999695E1
1.231140475E2,2.202000046E1,3.113999939E1,-5.945999908E1
1.233653293E2,2.165999985E1,3.131999969E1,-5.915999985E1
1.236165195E2,2.081999969E1,3.204000092E1,-6.011999893E1
1.238676791E2,2.153999901E1,3.192000008E1,-5.981999969E1
1.241188083E2,2.165999985E1,3.293999863E1,-5.927999878E1
1.243699679E2,2.184000015E1,3.107999992E1,-6.005999756E1
1.246212497E2,2.153999901E1,3.161999893E1,-5.952000046E1
1.248725314E2,2.111999893E1,3.119999886E1,-6.005999756E1
1.251236911E2,2.219999886E1,3.173999977E1,-5.945999908E1
1.253747592E2,2.118000031E1,3.119999886E1,-6.059999847E1
1.256257052E2,2.153999901E1,3.167999840E1,-6.029999924E1
1.258768649E2,2.184000015E1,3.155999947E1,-5.987999725E1
1.261280246E2,2.177999878E1,3.155999947E1,-6.029999924E1
1.263792758E2,2.189999962E1,3.192000008E1,-6.065999985E1
1.266303134E2,2.195999908E1,3.209999847E1,-5.957999802E1
1.268816257E2,2.160000038E1,3.227999878E1,-5.952000046E1
1.271327853E2,2.195999908E1,3.215999985E1,-6.077999878E1
1.273838840E2,2.207999992E1,3.252000046E1,-6.059999847E1
1.276349826E2,2.093999863E1,3.192000008E1,-6.041999817E1
1.278859286E2,2.160000038E1,3.252000046E1,-6.018000031E1
1.281372104E2,2.165999985E1,3.167999840E1,-5.981999969E1
1.283882175E2,2.135999870E1,3.192000008E1,-6.018000031E1
1.286392551E2,2.147999954E1,3.167999840E1,-6.023999786E1
1.288905063E2,2.171999931E1,3.215999985E1,-5.921999741E1
1.291416659E2,2.111999893E1,3.239999771E1,-5.957999802E1
1.293928866E2,2.171999931E1,3.179999924E1,-5.993999863E1
1.296441684E2,2.153999901E1,3.155999947E1,-6.053999710E1
1.298954196E2,2.202000046E1,3.161999893E1,-6.059999847E1
1.301467319E2,2.105999947E1,3.204000092E1,-5.993999863E1
1.303981357E2,2.231999969E1,3.173999977E1,-6.018000031E1
1.306493259E2,2.231999969E1,3.192000008E1,-5.969999695E1
1.309006076E2,2.147999954E1,3.192000008E1,-5.934000015E1
1.311516147E2,2.129999924E1,3.131999969E1,-5.987999725E1
1.314028659E2,2.165999985E1,3.131999969E1,-6.011999893E1
1.316539340E2,2.147999954E1,3.137999916E1,-5.957999802E1
1.319050632E2,2.171999931E1,3.161999893E1,-6.000000000E1
1.321561313E2,2.111999893E1,3.161999893E1,-6.071999741E1
1.324074130E2,2.129999924E1,3.150000000E1,-5.981999969E1
1.326587253E2,2.093999863E1,3.234000015E1,-5.969999695E1
1.329096440E2,2.189999962E1,3.234000015E1,-6.047999954E1
1.331608036E2,2.129999924E1,3.126000023E1,-5.975999832E1
1.334119633E2,2.184000015E1,3.179999924E1,-6.065999985E1
1.336629704E2,2.147999954E1,3.281999969E1,-6.041999817E1
1.339141911E2,2.165999985E1,3.209999847E1,-6.000000000E1
1.341651982E2,2.118000031E1,3.167999840E1,-5.963999939E1
1.344164189E2,2.111999893E1,3.209999847E1,-5.897999954E1
1.346678532E2,2.207999992E1,3.167999840E1,-6.023999786E1
1.349190129E2,2.160000038E1,3.293999863E1,-6.018000031E1
1.351702030E2,2.100000000E1,3.126000023E1,-6.005999756E1
1.354212406E2,2.177999878E1,3.192000008E1,-5.957999802E1
1.356724919E2,2.189999962E1,3.179999924E1,-5.952000046E1
1.359237736E2,2.081999969E1,3.234000015E1,-6.000000000E1
1.361749333E2,2.177999878E1,3.173999977E1,-6.029999924E1
1.364260929E2,2.177999878E1,3.234000015E1,-5.969999695E1
1.366774357E2,2.207999992E1,3.192000008E1,-5.987999725E1
1.369287480E2,2.153999901E1,3.185999870E1,-5.915999985E1
1.371798161E2,2.184000015E1,3.173999977E1,-5.969999695E1
1.374310368E2,2.135999870E1,3.095999908E1,-5.957999802E1
1.376820133E2,2.111999893E1,3.161999893E1,-5.934000015E1
1.379331120E2,2.093999863E1,3.137999916E1,-6.029999924E1
1.381845158E2,2.219999886E1,3.107999992E1,-5.927999878E1
1.384356755E2,2.100000000E1,3.179999924E1,-6.065999985E1
1.386867436E2,2.207999992E1,3.239999771E1,-6.029999924E1
1.389379338E2,2.171999931E1,3.197999954E1,-6.029999924E1
1.391892155E2,2.129999924E1,3.234000015E1,-5.993999863E1
1.394402531E2,2.171999931E1,3.119999886E1,-5.897999954E1
1.396915653E2,2.147999954E1,3.126000023E1,-6.000000000E1
1.399427250E2,2.123999977E1,3.155999947E1,-6.041999817E1
1.401938847E2,2.165999985E1,3.150000000E1,-5.957999802E1
1.404449223E2,2.189999962E1,3.173999977E1,-6.041999817E1
1.406962956E2,2.123999977E1,3.126000023E1,-6.035999680E1
1.409474247E2,2.153999901E1,3.137999916E1,-5.975999832E1
1.411988285E2,2.195999908E1,3.179999924E1,-5.957999802E1
1.414499882E2,2.184000015E1,3.173999977E1,-5.939999771E1
1.417011784E2,2.202000046E1,3.179999924E1,-6.035999680E1
1.419522465E2,2.171999931E1,3.192000008E1,-6.029999924E1
1.422033146E2,2.213999939E1,3.185999870E1,-6.011999893E1
1.424545658E2,2.177999878E1,3.197999954E1,-5.952000046E1
1.427059086E2,2.195999908E1,3.239999771E1,-5.945999908E1
1.429571598E2,2.111999893E1,3.173999977E1,-6.018000031E1
1.432081669E2,2.195999908E1,3.209999847E1,-6.095999908E1
1.434594181E2,2.153999901E1,3.107999992E1,-5.987999725E1
1.437107609E2,2.142000008E1,3.179999924E1,-5.981999969E1
1.439617680E2,2.123999977E1,3.131999969E1,-6.047999954E1
1.442129887E2,2.135999870E1,3.119999886E1,-5.957999802E1
1.444640568E2,2.202000046E1,3.221999741E1,-5.945999908E1
1.447151554E2,2.160000038E1,3.197999954E1,-6.000000000E1
1.449663456E2,2.123999977E1,3.167999840E1,-6.059999847E1
1.452174748E2,2.189999962E1,3.185999870E1,-6.000000000E1
1.454685124E2,2.153999901E1,3.234000015E1,-5.934000015E1
1.457198551E2,2.165999985E1,3.185999870E1,-6.059999847E1
1.459709233E2,2.237999916E1,3.143999863E1,-5.927999878E1
1.462222660E2,2.147999954E1,3.173999977E1,-6.005999756E1
1.464734562E2,2.231999969E1,3.143999863E1,-5.981999969E1
1.467246464E2,2.202000046E1,3.107999992E1,-6.053999710E1
1.469758061E2,2.177999878E1,3.143999863E1,-5.975999832E1
1.472268742E2,2.153999901E1,3.227999878E1,-6.041999817E1
1.474779728E2,2.237999916E1,3.197999954E1,-6.023999786E1
1.477291935E2,2.153999901E1,3.173999977E1,-6.018000031E1
1.479803532E2,2.111999893E1,3.113999939E1,-6.005999756E1
1.482314518E2,2.135999870E1,3.161999893E1,-6.005999756E1
1.484826115E2,2.219999886E1,3.192000008E1,-5.987999725E1
1.487337712E2,2.202000046E1,3.204000092E1,-6.089999771E1
1.489848393E2,2.118000031E1,3.167999840E1,-6.095999908E1
1.492358158E2,2.160000038E1,3.173999977E1,-6.047999954E1
1.494868534E2,2.171999931E1,3.119999886E1,-5.927999878E1
1.497381047E2,2.237999916E1,3.150000000E1,-5.975999832E1
1.499892948E2,2.226000023E1,3.192000008E1,-5.934000015E1
1.502405155E2,2.184000015E1,3.185999870E1,-6.059999847E1
1.504914616E2,2.147999954E1,3.197999954E1,-6.047999954E1
1.507427738E2,2.087999916E1,3.167999840E1,-5.975999832E1
1.509940556E2,2.202000046E1,3.185999870E1,-6.059999847E1
1.512452763E2,2.105999947E1,3.185999870E1,-6.041999817E1
1.514964665E2,2.171999931E1,3.173999977E1,-6.059999847E1
1.517476567E2,2.142000008E1,3.209999847E1,-5.975999832E1
1.519987553E2,2.213999939E1,3.221999741E1,-6.059999847E1
1.522499455E2,2.184000015E1,3.185999870E1,-5.952000046E1
1.525011051E2,2.147999954E1,3.167999840E1,-6.059999847E1
1.527523564E2,2.111999893E1,3.221999741E1,-6.018000031E1
1.530035465E2,2.118000031E1,3.161999893E1,-5.993999863E1
1.532548283E2,2.165999985E1,3.167999840E1,-6.047999954E1
1.535061405E2,2.219999886E1,3.257999802E1,-6.011999893E1
1.537574528E2,2.147999954E1,3.150000000E1,-6.059999847E1
1.540084294E2,2.142000008E1,3.192000008E1,-6.023999786E1
1.542594364E2,2.202000046E1,3.173999977E1,-5.987999725E1
1.545105046E2,2.142000008E1,3.161999893E1,-5.987999725E1
1.547617863E2,2.207999992E1,3.131999969E1,-5.963999939E1
1.550129154E2,2.189999962E1,3.215999985E1,-6.029999924E1
1.552639530E2,2.093999863E1,3.095999908E1,-5.975999832E1
1.555153568E2,2.129999924E1,3.179999924E1,-5.850000000E1
1.557663029E2,2.195999908E1,3.179999924E1,-6.023999786E1
1.560174626E2,2.177999878E1,3.209999847E1,-5.975999832E1
1.562686222E2,2.231999969E1,3.131999969E1,-6.059999847E1
1.565199040E2,2.202000046E1,3.263999939E1,-5.975999832E1
1.567710331E2,2.160000038E1,3.113999939E1,-6.018000031E1
1.570224064E2,2.165999985E1,3.089999962E1,-5.909999847E1
1.572735050E2,2.129999924E1,3.143999863E1,-5.921999741E1
1.575246037E2,2.213999939E1,3.150000000E1,-5.915999985E1
1.577757939E2,2.147999954E1,3.234000015E1,-5.993999863E1
1.580267704E2,2.135999870E1,3.137999916E1,-6.053999710E1
1.582778691E2,2.142000008E1,3.252000046E1,-5.981999969E1
1.585289677E2,2.129999924E1,3.215999985E1,-6.035999680E1
1.587799748E2,2.202000046E1,3.179999924E1,-5.957999802E1
1.590311955E2,2.123999977E1,3.185999870E1,-6.102000046E1
1.592822636E2,2.160000038E1,3.126000023E1,-5.993999863E1
1.595334538E2,2.118000031E1,3.167999840E1,-6.005999756E1
1.597846745E2,2.129999924E1,3.126000023E1,-6.000000000E1
1.600358647E2,2.189999962E1,3.245999908E1,-6.041999817E1
1.602871159E2,2.153999901E1,3.192000008E1,-6.018000031E1
1.605382450E2,2.184000015E1,3.215999985E1,-6.023999786E1
1.607896183E2,2.261999893E1,3.185999870E1,-6.053999710E1
1.610406864E2,2.129999924E1,3.215999985E1,-5.969999695E1
1.612918461E2,2.135999870E1,3.227999878E1,-5.909999847E1
1.615430058E2,2.195999908E1,3.150000000E1,-5.903999710E1
1.617940129E2,2.160000038E1,3.245999908E1,-6.029999924E1
1.620452946E2,2.184000015E1,3.215999985E1,-5.969999695E1
1.622964543E2,2.207999992E1,3.192000008E1,-5.927999878E1
1.625476750E2,2.213999939E1,3.131999969E1,-5.897999954E1
1.627987431E2,2.177999878E1,3.221999741E1,-5.975999832E1
1.630498417E2,2.171999931E1,3.167999840E1,-5.952000046E1
1.633009403E2,2.123999977E1,3.173999977E1,-5.981999969E1
1.635521000E2,2.195999908E1,3.131999969E1,-5.939999771E1
1.638033512E2,2.039999962E1,3.179999924E1,-5.969999695E1
1.640546635E2,2.093999863E1,3.150000000E1,-6.029999924E1
1.643057926E2,2.165999985E1,3.137999916E1,-6.018000031E1
1.645569828E2,2.153999901E1,3.221999741E1,-6.084000015E1
1.648082035E2,2.171999931E1,3.131999969E1,-5.987999725E1
1.650595768E2,2.207999992E1,3.167999840E1,-5.981999969E1
1.653106449E2,2.100000000E1,3.209999847E1,-5.981999969E1
1.655615910E2,2.142000008E1,3.119999886E1,-6.018000031E1
1.658125084E2,2.100000000E1,3.215999985E1,-6.023999786E1
1.660636986E2,2.231999969E1,3.167999840E1,-6.041999817E1
1.663148278E2,2.147999954E1,3.161999893E1,-6.000000000E1
1.665659569E2,2.250000000E1,3.227999878E1,-6.023999786E1
1.668169945E2,2.226000023E1,3.192000008E1,-6.107999802E1
1.670681542E2,2.207999992E1,3.161999893E1,-5.987999725E1
1.673195275E2,2.237999916E1,3.227999878E1,-6.065999985E1
1.675705651E2,2.118000031E1,3.275999832E1,-5.993999863E1
1.678217247E2,2.135999870E1,3.150000000E1,-5.993999863E1
1.680728844E2,2.129999924E1,3.407999802E1,-6.053999710E1
1.683241967E2,2.243999863E1,3.197999954E1,-6.089999771E1
1.685752953E2,2.184000015E1,3.204000092E1,-5.975999832E1
1.688265770E2,2.123999977E1,3.173999977E1,-6.000000000E1
1.690777672E2,2.153999901E1,3.150000000E1,-5.945999908E1
1.693289269E2,2.255999947E1,3.197999954E1,-5.915999985E1
1.695801476E2,2.153999901E1,3.197999954E1,-5.885999680E1
1.698312462E2,2.142000008E1,3.204000092E1,-6.011999893E1
1.700823143E2,2.177999878E1,3.179999924E1,-6.053999710E1
1.703334130E2,2.147999954E1,3.173999977E1,-6.041999817E1
1.705846337E2,2.184000015E1,3.161999893E1,-6.059999847E1
1.708359154E2,2.160000038E1,3.155999947E1,-5.969999695E1
1.710871972E2,2.093999863E1,3.119999886E1,-6.053999710E1
1.713383568E2,2.177999878E1,3.221999741E1,-5.969999695E1
1.715894249E2,2.165999985E1,3.185999870E1,-5.975999832E1
1.718404931E2,2.100000000E1,3.126000023E1,-5.975999832E1
1.720916527E2,2.153999901E1,3.305999756E1,-6.035999680E1
1.723428734E2,2.184000015E1,3.227999878E1,-6.071999741E1
1.725939415E2,2.171999931E1,3.185999870E1,-6.029999924E1
1.728451317E2,2.160000038E1,3.179999924E1,-5.969999695E1
1.730962304E2,2.147999954E1,3.155999947E1,-6.035999680E1
1.733472374E2,2.268000031E1,3.192000008E1,-5.987999725E1
1.735984581E2,2.315999985E1,3.227999878E1,-5.981999969E1
1.738494652E2,2.202000046E1,3.221999741E1,-6.018000031E1
1.741006554E2,2.184000015E1,3.239999771E1,-5.975999832E1
1.743517235E2,2.226000023E1,3.252000046E1,-6.005999756E1
1.746029747E2,2.135999870E1,3.192000008E1,-6.035999680E1
1.748539208E2,2.153999901E1,3.234000015E1,-6.065999985E1
1.751051110E2,2.231999969E1,3.192000008E1,-6.035999680E1
1.753563317E2,2.171999931E1,3.197999954E1,-6.000000000E1
1.756073388E2,2.184000015E1,3.179999924E1,-5.993999863E1
1.758585289E2,2.100000000E1,3.143999863E1,-6.011999893E1
1.761096276E2,2.118000031E1,3.227999878E1,-6.018000031E1
1.763608178E2,2.177999878E1,3.215999985E1,-5.963999939E1
1.766120995E2,2.153999901E1,3.234000015E1,-6.023999786E1
1.768631371E2,2.129999924E1,3.126000023E1,-5.952000046E1
1.771142052E2,2.081999969E1,3.143999863E1,-6.053999710E1
1.773652733E2,2.207999992E1,3.185999870E1,-6.029999924E1
1.776162804E2,2.213999939E1,3.197999954E1,-5.934000015E1
1.778672265E2,2.147999954E1,3.179999924E1,-5.945999908E1
1.781183251E2,2.250000000E1,3.185999870E1,-5.969999695E1
1.783693932E2,2.184000015E1,3.204000092E1,-5.963999939E1
1.786205529E2,2.160000038E1,3.137999916E1,-6.000000000E1
1.788715905E2,2.219999886E1,3.179999924E1,-6.011999893E1
1.791227807E2,2.195999908E1,3.257999802E1,-6.035999680E1
1.793739098E2,2.195999908E1,3.155999947E1,-5.993999863E1
1.796249169E2,2.063999939E1,3.234000015E1,-5.915999985E1
1.798760765E2,2.177999878E1,3.204000092E1,-5.909999847E1
1.801272973E2,2.076000023E1,3.179999924E1,-6.047999954E1
1.803785790E2,2.195999908E1,3.126000023E1,-6.041999817E1
1.806297081E2,2.202000046E1,3.155999947E1,-5.969999695E1
1.808808678E2,2.171999931E1,3.173999977E1,-5.952000046E1
1.811321190E2,2.184000015E1,3.185999870E1,-6.018000031E1
1.813832787E2,2.165999985E1,3.185999870E1,-6.023999786E1
1.816343163E2,2.177999878E1,3.239999771E1,-6.029999924E1
1.818856286E2,2.129999924E1,3.227999878E1,-6.000000000E1
1.821366661E2,2.118000031E1,3.215999985E1,-5.963999939E1
1.823878869E2,2.207999992E1,3.197999954E1,-5.903999710E1
1.826390465E2,2.093999863E1,3.155999947E1,-6.029999924E1
1.828904808E2,2.189999962E1,3.234000015E1,-6.077999878E1
1.831413353E2,2.160000038E1,3.204000092E1,-5.939999771E1
1.833926781E2,2.226000023E1,3.300000000E1,-6.005999756E1
1.836438378E2,2.105999947E1,3.239999771E1,-6.018000031E1
1.838949364E2,2.153999901E1,3.150000000E1,-5.969999695E1
1.841459435E2,2.147999954E1,3.318000031E1,-5.969999695E1
1.843971337E2,2.207999992E1,3.215999985E1,-5.939999771E1
1.846482323E2,2.111999893E1,3.192000008E1,-6.000000000E1
1.848993920E2,2.219999886E1,3.197999954E1,-6.059999847E1
1.851504906E2,2.226000023E1,3.239999771E1,-5.963999939E1
1.854014672E2,2.202000046E1,3.270000076E1,-5.975999832E1
1.856527489E2,2.135999870E1,3.179999924E1,-5.934000015E1
1.859038781E2,2.100000000E1,3.179999924E1,-6.029999924E1
1.861549462E2,2.171999931E1,3.150000000E1,-5.975999832E1
1.864060753E2,2.202000046E1,3.131999969E1,-6.023999786E1
1.866571740E2,2.063999939E1,3.252000046E1,-6.011999893E1
1.869083947E2,2.129999924E1,3.204000092E1,-6.011999893E1
1.871594933E2,2.153999901E1,3.209999847E1,-5.975999832E1
1.874105309E2,2.153999901E1,3.204000092E1,-5.963999939E1
1.876615990E2,2.165999985E1,3.215999985E1,-5.952000046E1
1.879128807E2,2.219999886E1,3.167999840E1,-5.963999939E1
1.881639794E2,2.189999962E1,3.227999878E1,-5.981999969E1
1.884150780E2,2.177999878E1,3.131999969E1,-6.059999847E1
1.886660546E2,2.147999954E1,3.173999977E1,-5.927999878E1
1.889173363E2,2.147999954E1,3.234000015E1,-5.952000046E1
1.891683434E2,2.165999985E1,3.197999954E1,-6.084000015E1
1.894195031E2,2.147999954E1,3.150000000E1,-6.102000046E1
1.896708153E2,2.093999863E1,3.192000008E1,-6.107999802E1
1.899219750E2,2.226000023E1,3.119999886E1,-6.005999756E1
1.901731347E2,2.142000008E1,3.167999840E1,-5.987999725E1
1.904242028E2,2.189999962E1,3.173999977E1,-5.939999771E1
1.906753624E2,2.123999977E1,3.227999878E1,-6.018000031E1
1.909265221E2,2.243999863E1,3.227999878E1,-5.993999863E1
1.911776207E2,2.153999901E1,3.143999863E1,-6.041999817E1
1.914288109E2,2.123999977E1,3.155999947E1,-6.011999893E1
1.916800011E2,2.184000015E1,3.113999939E1,-5.993999863E1
1.919311608E2,2.202000046E1,3.150000000E1,-5.945999908E1
1.921822594E2,2.160000038E1,3.155999947E1,-5.993999863E1
1.924334191E2,2.160000038E1,3.204000092E1,-5.993999863E1
1.926846703E2,2.135999870E1,3.167999840E1,-6.041999817E1
1.929358300E2,2.165999985E1,3.167999840E1,-5.927999878E1
1.931872643E2,2.231999969E1,3.204000092E1,-5.969999695E1
1.934383934E2,2.142000008E1,3.167999840E1,-6.023999786E1
1.936894616E2,2.093999863E1,3.204000092E1,-6.018000031E1
1.939407433E2,2.250000000E1,3.323999786E1,-5.987999725E1
1.941919945E2,2.129999924E1,3.143999863E1,-5.969999695E1
1.944430932E2,2.147999954E1,3.150000000E1,-5.903999710E1
1.946941918E2,2.219999886E1,3.167999840E1,-5.939999771E1
1.949454125E2,2.226000023E1,3.179999924E1,-6.000000000E1
1.951965722E2,2.195999908E1,3.204000092E1,-6.000000000E1
1.954477013E2,2.123999977E1,3.161999893E1,-5.987999725E1
1.956986474E2,2.160000038E1,3.197999954E1,-5.934000015E1
1.959496544E2,2.165999985E1,3.209999847E1,-5.934000015E1
1.962007531E2,2.177999878E1,3.221999741E1,-6.000000000E1
1.964518089E2,2.153999901E1,3.197999954E1,-5.957999802E1
1.967031211E2,2.226000023E1,3.155999947E1,-6.065999985E1
1.969544029E2,2.118000031E1,3.155999947E1,-5.981999969E1
1.972057762E2,2.184000015E1,3.209999847E1,-6.035999680E1
1.974568138E2,2.057999992E1,3.227999878E1,-5.903999710E1
1.977080039E2,2.165999985E1,3.161999893E1,-5.897999954E1
1.979591636E2,2.142000008E1,3.137999916E1,-5.993999863E1
1.982102928E2,2.093999863E1,3.192000008E1,-5.981999969E1
1.984613609E2,2.177999878E1,3.197999954E1,-5.981999969E1
1.987125511E2,2.129999924E1,3.161999893E1,-6.035999680E1
1.989637413E2,2.273999977E1,3.252000046E1,-6.035999680E1
1.992148704E2,2.147999954E1,3.221999741E1,-5.939999771E1
1.994661521E2,2.142000008E1,3.179999924E1,-5.987999725E1
1.997172813E2,2.069999886E1,3.209999847E1,-5.952000046E1
1.999685020E2,2.171999931E1,3.245999908E1,-6.005999756E1
2.002197227E2,2.135999870E1,3.239999771E1,-5.987999725E1
2.004709739E2,2.135999870E1,3.155999947E1,-6.018000031E1
2.007219810E2,2.147999954E1,3.167999840E1,-6.023999786E1
2.009731712E2,2.226000023E1,3.197999954E1,-5.975999832E1
2.012243309E2,2.202000046E1,3.185999870E1,-5.921999741E1
2.014754600E2,2.184000015E1,3.192000008E1,-5.963999939E1
2.017267112E2,2.202000046E1,3.234000015E1,-5.993999863E1
2.019776268E2,2.231999969E1,3.185999870E1,-6.059999847E1
2.022286338E2,2.142000008E1,3.192000008E1,-6.041999817E1
2.024798545E2,2.129999924E1,3.204000092E1,-5.927999878E1
2.027310142E2,2.165999985E1,3.179999924E1,-6.000000000E1
2.029822349E2,2.202000046E1,3.215999985E1,-5.987999725E1
2.032333641E2,2.129999924E1,3.167999840E1,-6.005999756E1
2.034846458E2,2.153999901E1,3.167999840E1,-5.945999908E1
2.037358360E2,2.171999931E1,3.161999893E1,-6.089999771E1
2.039871482E2,2.184000015E1,3.179999924E1,-5.993999863E1
2.042383689E2,2.142000008E1,3.209999847E1,-6.011999893E1
2.044895286E2,2.202000046E1,3.107999992E1,-5.934000015E1
2.047405967E2,2.219999886E1,3.192000008E1,-6.041999817E1
2.049916343E2,2.231999969E1,3.185999870E1,-5.939999771E1
2.052429466E2,2.213999939E1,3.227999878E1,-5.952000046E1
2.054938926E2,2.184000015E1,3.150000000E1,-6.000000000E1
2.057451133E2,2.219999886E1,3.221999741E1,-6.053999710E1
2.059963035E2,2.237999916E1,3.155999947E1,-5.993999863E1
2.062473716E2,2.165999985E1,3.185999870E1,-6.113999939E1
2.064985618E2,2.076000023E1,3.161999893E1,-5.993999863E1
2.067497825E2,2.135999870E1,3.204000092E1,-5.987999725E1
2.070010032E2,2.189999962E1,3.179999924E1,-6.005999756E1
2.072519798E2,2.207999992E1,3.245999908E1,-5.981999969E1
2.075032005E2,2.160000038E1,3.197999954E1,-5.993999863E1
2.077543602E2,2.207999992E1,3.252000046E1,-5.981999969E1
2.080053672E2,2.153999901E1,3.209999847E1,-5.897999954E1
2.082563133E2,2.195999908E1,3.179999924E1,-6.084000015E1
2.085075340E2,2.142000008E1,3.143999863E1,-5.987999725E1
2.087587852E2,2.207999992E1,3.281999969E1,-6.047999954E1
2.090099754E2,2.135999870E1,3.131999969E1,-6.029999924E1
2.092611045E2,2.118000031E1,3.126000023E1,-5.987999725E1
2.095121421E2,2.171999931E1,3.197999954E1,-6.113999939E1
2.097633323E2,2.177999878E1,3.209999847E1,-6.053999710E1
2.100146141E2,2.189999962E1,3.179999924E1,-5.927999878E1
2.102657432E2,2.273999977E1,3.227999878E1,-6.011999893E1
2.105166587E2,2.147999954E1,3.173999977E1,-6.047999954E1
2.107678489E2,2.177999878E1,3.192000008E1,-6.011999893E1
2.110189781E2,2.100000000E1,3.167999840E1,-6.107999802E1
2.112700462E2,2.195999908E1,3.185999870E1,-6.018000031E1
2.115212059E2,2.207999992E1,3.161999893E1,-5.981999969E1
2.117722435E2,2.135999870E1,3.209999847E1,-6.000000000E1
2.120230369E2,2.081999969E1,3.275999832E1,-6.029999924E1
2.122740745E2,2.153999901E1,3.239999771E1,-5.987999725E1
2.125250511E2,2.202000046E1,3.221999741E1,-5.934000015E1
2.127760887E2,2.189999962E1,3.192000008E1,-6.029999924E1
2.130272789E2,2.195999908E1,3.197999954E1,-5.969999695E1
2.132785301E2,2.153999901E1,3.209999847E1,-6.095999908E1
2.135298728E2,2.135999870E1,3.173999977E1,-6.029999924E1
2.137811241E2,2.171999931E1,3.173999977E1,-5.934000015E1
2.140323143E2,2.076000023E1,3.143999863E1,-6.041999817E1
2.142835350E2,2.147999954E1,3.197999954E1,-5.873999786E1
2.145348777E2,2.153999901E1,3.215999985E1,-5.939999771E1
2.147861289E2,2.118000031E1,3.234000015E1,-5.993999863E1
2.150371360E2,2.165999985E1,3.221999741E1,-5.969999695E1
2.152882347E2,2.268000031E1,3.150000000E1,-5.897999954E1
2.155393638E2,2.243999863E1,3.167999840E1,-5.939999771E1
2.157906456E2,2.100000000E1,3.173999977E1,-6.011999893E1
2.160416831E2,2.184000015E1,3.215999985E1,-5.952000046E1
2.162929344E2,2.081999969E1,3.137999916E1,-6.011999893E1
2.165440330E2,2.171999931E1,3.221999741E1,-5.969999695E1
2.167952537E2,2.147999954E1,3.197999954E1,-5.975999832E1
2.170463829E2,2.123999977E1,3.270000076E1,-6.047999954E1
2.172974815E2,2.111999893E1,3.167999840E1,-5.963999939E1
2.175484581E2,2.129999924E1,3.215999985E1,-6.011999893E1
2.177996482E2,2.171999931E1,3.179999924E1,-6.023999786E1
2.180506553E2,2.142000008E1,3.245999908E1,-5.993999863E1
2.183016014E2,2.123999977E1,3.137999916E1,-6.018000031E1
2.185527610E2,2.207999992E1,3.155999947E1,-6.018000031E1
2.188038902E2,2.160000038E1,3.179999924E1,-5.981999969E1
2.190549583E2,2.226000023E1,3.192000008E1,-5.981999969E1
2.193062400E2,2.111999893E1,3.167999840E1,-5.891999817E1
2.195573387E2,2.123999977E1,3.209999847E1,-5.921999741E1
2.198084983E2,2.202000046E1,3.221999741E1,-6.005999756E1
2.200599327E2,2.135999870E1,3.245999908E1,-5.957999802E1
2.203112449E2,2.171999931E1,3.185999870E1,-6.029999924E1
2.205623435E2,2.237999916E1,3.263999939E1,-6.023999786E1
2.208134727E2,2.123999977E1,3.167999840E1,-6.000000000E1
2.210646934E2,2.250000000E1,3.288000107E1,-6.053999710E1
2.213160057E2,2.105999947E1,3.221999741E1,-6.041999817E1
2.215672569E2,2.105999947E1,3.167999840E1,-5.993999863E1
2.218184471E2,2.135999870E1,3.234000015E1,-5.897999954E1
2.220696373E2,2.202000046E1,3.137999916E1,-5.952000046E1
2.223208580E2,2.195999908E1,3.204000092E1,-5.981999969E1
2.225721397E2,2.160000038E1,3.257999802E1,-5.952000046E1
2.228231773E2,2.184000015E1,3.204000092E1,-5.891999817E1
2.230743980E2,2.118000031E1,3.167999840E1,-5.945999908E1
2.233254966E2,2.057999992E1,3.179999924E1,-5.939999771E1
2.235764732E2,2.147999954E1,3.215999985E1,-6.018000031E1
2.238276939E2,2.171999931E1,3.245999908E1,-6.047999954E1
2.240789146E2,2.177999878E1,3.227999878E1,-5.952000046E1
2.243300437E2,2.153999901E1,3.227999878E1,-5.957999802E1
2.245814476E2,2.153999901E1,3.173999977E1,-6.053999710E1
2.248324546E2,2.069999886E1,3.161999893E1,-6.065999985E1
2.250836753E2,2.160000038E1,3.161999893E1,-6.018000031E1
2.253349876E2,2.184000015E1,3.185999870E1,-6.041999817E1
2.255862693E2,2.105999947E1,3.185999870E1,-5.969999695E1
2.258373985E2,2.111999893E1,3.221999741E1,-5.993999863E1
2.260885276E2,2.147999954E1,3.192000008E1,-5.993999863E1
2.263397178E2,2.195999908E1,3.209999847E1,-5.952000046E1
2.265909996E2,2.177999878E1,3.113999939E1,-6.029999924E1
2.268420982E2,2.153999901E1,3.192000008E1,-5.915999985E1
2.270930369E2,2.147999954E1,3.185999870E1,-5.981999969E1
2.273443796E2,2.153999901E1,3.161999893E1,-6.018000031E1
2.275953867E2,2.207999992E1,3.155999947E1,-5.939999771E1
2.278466074E2,2.189999962E1,3.192000008E1,-5.897999954E1
2.280978892E2,2.135999870E1,3.131999969E1,-5.915999985E1
2.283492624E2,2.207999992E1,3.192000008E1,-5.969999695E1
2.286005442E2,2.142000008E1,3.179999924E1,-6.035999680E1
2.288517038E2,2.171999931E1,3.197999954E1,-6.000000000E1
2.291027414E2,2.165999985E1,3.155999947E1,-5.981999969E1
2.293538096E2,2.184000015E1,3.239999771E1,-5.963999939E1
2.296048777E2,2.153999901E1,3.204000092E1,-6.000000000E1
2.298561289E2,2.160000038E1,3.131999969E1,-5.987999725E1
2.301070444E2,2.189999962E1,3.143999863E1,-5.952000046E1
2.303582651E2,2.184000015E1,3.221999741E1,-6.023999786E1
2.306093027E2,2.195999908E1,3.161999893E1,-6.023999786E1
2.308606150E2,2.189999962E1,3.197999954E1,-5.952000046E1
2.311117136E2,2.118000031E1,3.173999977E1,-6.035999680E1
2.313628122E2,2.153999901E1,3.209999847E1,-5.993999863E1
2.316137583E2,2.160000038E1,3.197999954E1,-6.005999756E1
2.318647959E2,2.076000023E1,3.143999863E1,-5.975999832E1
2.321161387E2,2.219999886E1,3.161999893E1,-6.005999756E1
2.323673288E2,2.160000038E1,3.245999908E1,-5.945999908E1
2.326183359E2,2.142000008E1,3.209999847E1,-5.927999878E1
2.328695871E2,2.057999992E1,3.173999977E1,-6.000000000E1
2.331206247E2,2.207999992E1,3.150000000E1,-5.945999908E1
2.333718455E2,2.153999901E1,3.221999741E1,-5.975999832E1
2.336228830E2,2.184000015E1,3.270000076E1,-5.939999771E1
2.338739206E2,2.135999870E1,3.209999847E1,-6.005999756E1
2.341252024E2,2.081999969E1,3.209999847E1,-5.987999725E1
2.343764536E2,2.237999916E1,3.192000008E1,-5.993999863E1
2.346276133E2,2.177999878E1,3.209999847E1,-6.011999893E1
2.348787729E2,2.184000015E1,3.150000000E1,-5.975999832E1
2.351300547E2,2.105999947E1,3.209999847E1,-5.939999771E1
2.353812143E2,2.153999901E1,3.209999847E1,-5.945999908E1
2.356325876E2,2.153999901E1,3.197999954E1,-5.963999939E1
2.358837778E2,2.142000008E1,3.221999741E1,-5.969999695E1
2.361348765E2,2.153999901E1,3.215999985E1,-5.981999969E1
2.363860972E2,2.219999886E1,3.221999741E1,-5.909999847E1
2.366371348E2,2.207999992E1,3.257999802E1,-6.084000015E1
2.368882029E2,2.118000031E1,3.185999870E1,-5.927999878E1
2.371394236E2,2.231999969E1,3.197999954E1,-6.005999756E1
2.373903391E2,2.160000038E1,3.209999847E1,-5.909999847E1
2.376415598E2,2.160000038E1,3.263999939E1,-6.047999954E1
2.378927805E2,2.142000008E1,3.197999954E1,-5.981999969E1
2.381440317E2,2.142000008E1,3.137999916E1,-5.915999985E1
2.383950693E2,2.184000015E1,3.167999840E1,-6.047999954E1
2.386460459E2,2.160000038E1,3.119999886E1,-5.945999908E1
2.388971445E2,2.076000023E1,3.204000092E1,-5.897999954E1
2.391482737E2,2.135999870E1,3.192000008E1,-6.005999756E1
2.393994028E2,2.118000031E1,3.209999847E1,-5.957999802E1
2.396506846E2,2.219999886E1,3.137999916E1,-5.945999908E1
2.399020579E2,2.165999985E1,3.155999947E1,-5.927999878E1
2.401531870E2,2.177999878E1,3.173999977E1,-5.963999939E1
2.404041330E2,2.213999939E1,3.197999954E1,-5.868000031E1
2.406552317E2,2.184000015E1,3.185999870E1,-5.945999908E1
2.409063608E2,2.165999985E1,3.275999832E1,-5.939999771E1
2.411573984E2,2.189999962E1,3.095999908E1,-5.963999939E1
2.414084665E2,2.213999939E1,3.197999954E1,-6.000000000E1
2.416595957E2,2.165999985E1,3.143999863E1,-6.059999847E1
2.419106943E2,2.142000008E1,3.197999954E1,-6.000000000E1
2.421616709E2,2.213999939E1,3.239999771E1,-5.927999878E1
2.424126475E2,2.129999924E1,3.234000015E1,-5.879999924E1
2.426637156E2,2.135999870E1,3.173999977E1,-6.077999878E1
2.429146921E2,2.153999901E1,3.204000092E1,-6.005999756E1
2.431660349E2,2.226000023E1,3.234000015E1,-5.952000046E1
2.434171335E2,2.165999985E1,3.192000008E1,-6.011999893E1
2.436683237E2,2.202000046E1,3.173999977E1,-6.047999954E1
2.439195749E2,2.129999924E1,3.192000008E1,-6.071999741E1
2.441707041E2,2.177999878E1,3.234000015E1,-6.018000031E1
2.444219858E2,2.207999992E1,3.257999802E1,-5.987999725E1
2.446729319E2,2.189999962E1,3.204000092E1,-5.915999985E1
2.449239695E2,2.076000023E1,3.161999893E1,-5.993999863E1
2.451750071E2,2.118000031E1,3.204000092E1,-5.987999725E1
2.454260142E2,2.237999916E1,3.167999840E1,-6.065999985E1
2.456770517E2,2.105999947E1,3.155999947E1,-6.119999695E1
2.459282725E2,2.171999931E1,3.221999741E1,-5.963999939E1
2.461794626E2,2.189999962E1,3.239999771E1,-5.975999832E1
2.464306223E2,2.184000015E1,3.047999954E1,-5.975999832E1
2.466819040E2,2.177999878E1,3.137999916E1,-6.065999985E1
2.469327280E2,2.243999863E1,3.209999847E1,-6.041999817E1
2.471839792E2,2.123999977E1,3.161999893E1,-5.993999863E1
2.474351694E2,2.153999901E1,3.185999870E1,-6.041999817E1
2.476862986E2,2.213999939E1,3.227999878E1,-6.029999924E1
2.479373362E2,2.202000046E1,3.234000015E1,-6.041999817E1
2.481885569E2,2.160000038E1,3.185999870E1,-6.005999756E1
2.484396860E2,2.142000008E1,3.143999863E1,-5.952000046E1
2.486908762E2,2.207999992E1,3.161999893E1,-5.975999832E1
2.489419748E2,2.177999878E1,3.155999947E1,-5.981999969E1
2.491929514E2,2.213999939E1,3.185999870E1,-6.005999756E1
2.494441111E2,2.123999977E1,3.155999947E1,-5.993999863E1
2.496951792E2,2.160000038E1,3.197999954E1,-5.987999725E1
2.499464304E2,2.160000038E1,3.161999893E1,-6.059999847E1
2.501977121E2,2.093999863E1,3.197999954E1,-5.939999771E1
2.504489023E2,2.165999985E1,3.101999855E1,-6.023999786E1
2.506998789E2,2.147999954E1,3.227999878E1,-6.011999893E1
2.509510996E2,2.147999954E1,3.234000015E1,-6.005999756E1
2.512021982E2,2.153999901E1,3.167999840E1,-5.993999863E1
2.514534189E2,2.177999878E1,3.161999893E1,-5.963999939E1
2.517048227E2,2.111999893E1,3.209999847E1,-5.987999725E1
2.519558603E2,2.171999931E1,3.119999886E1,-5.969999695E1
2.522070200E2,2.135999870E1,3.179999924E1,-6.035999680E1
2.524582407E2,2.202000046E1,3.179999924E1,-5.957999802E1
2.527093088E2,2.189999962E1,3.239999771E1,-6.035999680E1
2.529603769E2,2.105999947E1,3.221999741E1,-6.005999756E1
2.532116587E2,2.184000015E1,3.204000092E1,-6.065999985E1
2.534626352E2,2.165999985E1,3.173999977E1,-6.005999756E1
2.537139475E2,2.189999962E1,3.221999741E1,-6.035999680E1
2.539650461E2,2.189999962E1,3.173999977E1,-6.035999680E1
2.542159006E2,2.165999985E1,3.204000092E1,-6.029999924E1
2.544672129E2,2.135999870E1,3.137999916E1,-5.987999725E1
2.547184336E2,2.255999947E1,3.215999985E1,-6.011999893E1
2.549695017E2,2.147999954E1,3.179999924E1,-6.018000031E1
2.552206614E2,2.147999954E1,3.167999840E1,-6.005999756E1
2.554718821E2,2.160000038E1,3.185999870E1,-6.018000031E1
2.557232248E2,2.111999893E1,3.197999954E1,-6.065999985E1
2.559742930E2,2.202000046E1,3.227999878E1,-5.909999847E1
2.562254526E2,2.129999924E1,3.161999893E1,-5.969999695E1
2.564764292E2,2.165999985E1,3.150000000E1,-5.981999969E1
2.567277109E2,2.123999977E1,3.137999916E1,-5.969999695E1
2.569789316E2,2.195999908E1,3.263999939E1,-5.993999863E1
2.572299997E2,2.171999931E1,3.173999977E1,-6.023999786E1
2.574810068E2,2.135999870E1,3.137999916E1,-5.993999863E1
2.577320139E2,2.142000008E1,3.234000015E1,-6.023999786E1
2.579830862E2,2.052000046E1,3.215999985E1,-6.023999786E1
2.582343679E2,2.105999947E1,3.161999893E1,-5.957999802E1
2.584855276E2,2.165999985E1,3.245999908E1,-5.969999695E1
2.587365041E2,2.118000031E1,3.113999939E1,-6.053999710E1
2.589878164E2,2.123999977E1,3.143999863E1,-5.975999832E1
2.592389455E2,2.184000015E1,3.270000076E1,-6.023999786E1
2.594901357E2,2.213999939E1,3.234000015E1,-6.065999985E1
2.597411733E2,2.129999924E1,3.209999847E1,-5.939999771E1
2.599922720E2,2.165999985E1,3.221999741E1,-6.018000031E1
2.602433095E2,2.111999893E1,3.167999840E1,-5.969999695E1
2.604945303E2,2.171999931E1,3.204000092E1,-6.035999680E1
2.607458120E2,2.118000031E1,3.179999924E1,-6.005999756E1
2.609967886E2,2.135999870E1,3.221999741E1,-5.993999863E1
2.612475820E2,2.123999977E1,3.167999840E1,-5.963999939E1
2.614987722E2,2.123999977E1,3.167999840E1,-5.963999939E1
2.617498403E2,2.123999977E1,3.185999870E1,-5.987999725E1
2.620009389E2,2.195999908E1,3.221999741E1,-5.921999741E1
2.622517934E2,2.202000046E1,3.185999870E1,-5.963999939E1
2.625030752E2,2.189999962E1,3.204000092E1,-6.005999756E1
2.627541128E2,2.111999893E1,3.257999802E1,-6.000000000E1
2.630053335E2,2.160000038E1,3.161999893E1,-6.041999817E1
2.632563100E2,2.189999962E1,3.161999893E1,-5.952000046E1
2.635072866E2,2.118000031E1,3.173999977E1,-5.993999863E1
2.637583242E2,2.177999878E1,3.204000092E1,-5.939999771E1
2.640095754E2,2.213999939E1,3.161999893E1,-5.969999695E1
2.642607046E2,2.153999901E1,3.167999840E1,-5.915999985E1
2.645118032E2,2.189999962E1,3.137999916E1,-5.903999710E1
2.647629324E2,2.123999977E1,3.239999771E1,-6.041999817E1
2.650141836E2,2.184000015E1,3.155999947E1,-5.915999985E1
2.652652212E2,2.129999924E1,3.234000015E1,-6.018000031E1
2.655163503E2,2.129999924E1,3.197999954E1,-5.975999832E1
2.657673269E2,2.165999985E1,3.143999863E1,-6.000000000E1
2.660185171E2,2.207999992E1,3.150000000E1,-5.927999878E1
2.662695852E2,2.135999870E1,3.185999870E1,-5.939999771E1
2.665208669E2,2.160000038E1,3.143999863E1,-5.939999771E1
2.667721181E2,2.202000046E1,3.197999954E1,-6.125999832E1
2.670232778E2,2.184000015E1,3.221999741E1,-6.047999954E1
2.672742849E2,2.153999901E1,3.215999985E1,-6.059999847E1
2.675252920E2,2.118000031E1,3.209999847E1,-6.035999680E1
2.677763296E2,2.129999924E1,3.185999870E1,-6.005999756E1
2.680273672E2,2.153999901E1,3.167999840E1,-6.053999710E1
2.682785574E2,2.135999870E1,3.119999886E1,-6.053999710E1
2.685297781E2,2.165999985E1,3.143999863E1,-5.969999695E1
2.687811819E2,2.147999954E1,3.167999840E1,-6.035999680E1
2.690321889E2,2.207999992E1,3.204000092E1,-6.041999817E1
2.692835317E2,2.081999969E1,3.131999969E1,-6.084000015E1
2.695347219E2,2.165999985E1,3.275999832E1,-5.897999954E1
2.697857714E2,2.147999954E1,3.192000008E1,-5.975999832E1
2.700366870E2,2.189999962E1,3.179999924E1,-6.005999756E1
2.702879992E2,2.057999992E1,3.167999840E1,-6.029999924E1
2.705390979E2,2.195999908E1,3.173999977E1,-6.011999893E1
2.707901355E2,2.195999908E1,3.185999870E1,-5.987999725E1
2.710412646E2,2.153999901E1,3.234000015E1,-5.987999725E1
2.712922717E2,2.195999908E1,3.275999832E1,-6.077999878E1
2.715433703E2,2.093999863E1,3.089999962E1,-5.952000046E1
2.717946521E2,2.081999969E1,3.167999840E1,-5.993999863E1
2.720457202E2,2.231999969E1,3.185999870E1,-6.018000031E1
2.722968798E2,2.111999893E1,3.161999893E1,-5.993999863E1
2.725478259E2,2.171999931E1,3.179999924E1,-5.987999725E1
2.727989856E2,2.142000008E1,3.204000092E1,-6.000000000E1
2.730501757E2,2.142000008E1,3.336000061E1,-6.041999817E1
2.733013049E2,2.153999901E1,3.209999847E1,-5.939999771E1
2.735523120E2,2.081999969E1,3.179999924E1,-6.000000000E1
2.738032275E2,2.184000015E1,3.150000000E1,-5.921999741E1
2.740544787E2,2.081999969E1,3.185999870E1,-6.095999908E1
2.743057605E2,2.160000038E1,3.179999924E1,-5.987999725E1
2.745568896E2,2.093999863E1,3.119999886E1,-5.963999939E1
2.748079882E2,2.142000008E1,3.107999992E1,-5.945999908E1
2.750592089E2,2.171999931E1,3.161999893E1,-5.934000015E1
2.753102465E2,2.147999954E1,3.215999985E1,-5.981999969E1
2.755612841E2,2.135999870E1,3.239999771E1,-5.987999725E1
2.758125659E2,2.105999947E1,3.131999969E1,-5.873999786E1
2.760636340E2,2.171999931E1,3.131999969E1,-5.981999969E1
2.763148852E2,2.129999924E1,3.245999908E1,-5.945999908E1
2.765658618E2,2.202000046E1,3.173999977E1,-5.969999695E1
2.768170214E2,2.189999962E1,3.185999870E1,-6.041999817E1
2.770681811E2,2.195999908E1,3.263999939E1,-5.903999710E1
2.773192492E2,2.118000031E1,3.185999870E1,-5.843999863E1
2.775705920E2,2.160000038E1,3.209999847E1,-5.975999832E1
2.778215380E2,2.165999985E1,3.215999985E1,-5.850000000E1
2.780727282E2,2.069999886E1,3.197999954E1,-5.987999725E1
2.783239489E2,2.184000015E1,3.234000015E1,-5.969999695E1
2.785748950E2,2.153999901E1,3.185999870E1,-5.945999908E1
2.788257495E2,2.171999931E1,3.263999939E1,-5.969999695E1
2.790767260E2,2.202000046E1,3.150000000E1,-6.011999893E1
2.793278552E2,2.135999870E1,3.227999878E1,-6.065999985E1
2.795788928E2,2.118000031E1,3.167999840E1,-5.945999908E1
2.798299914E2,2.093999863E1,3.119999886E1,-6.029999924E1
2.800810290E2,2.129999924E1,3.113999939E1,-5.885999680E1
2.803323107E2,2.135999870E1,3.239999771E1,-5.981999969E1
2.805831958E2,2.123999977E1,3.215999985E1,-5.927999878E1
2.808341113E2,2.123999977E1,3.420000076E1,-6.041999817E1
2.810853015E2,2.237999916E1,3.150000000E1,-5.934000015E1
2.813364001E2,2.153999901E1,3.126000023E1,-5.969999695E1
2.815874682E2,2.177999878E1,3.227999878E1,-5.957999802E1
2.818386584E2,2.160000038E1,3.179999924E1,-6.053999710E1
2.820897570E2,2.105999947E1,3.150000000E1,-5.957999802E1
2.823409167E2,2.087999916E1,3.192000008E1,-5.993999863E1
2.825923205E2,2.129999924E1,3.107999992E1,-6.053999710E1
2.828432971E2,2.123999977E1,3.209999847E1,-5.987999725E1
2.830943652E2,2.207999992E1,3.221999741E1,-5.963999939E1
2.833454943E2,2.135999870E1,3.263999939E1,-6.005999756E1
2.835966235E2,2.207999992E1,3.185999870E1,-5.981999969E1
2.838477832E2,2.100000000E1,3.173999977E1,-5.934000015E1
2.840988818E2,2.189999962E1,3.143999863E1,-5.969999695E1
2.843500109E2,2.093999863E1,3.137999916E1,-6.089999771E1
2.846011706E2,2.147999954E1,3.263999939E1,-5.915999985E1
2.848522387E2,2.153999901E1,3.234000015E1,-6.011999893E1
2.851034289E2,2.123999977E1,3.221999741E1,-6.005999756E1
2.853545581E2,2.213999939E1,3.288000107E1,-5.952000046E1
2.856055957E2,2.118000031E1,3.192000008E1,-5.891999817E1
2.858569079E2,2.147999954E1,3.185999870E1,-6.041999817E1
2.861081286E2,2.123999977E1,3.137999916E1,-5.963999939E1
2.863593798E2,2.087999916E1,3.234000015E1,-6.095999908E1
2.866105395E2,2.118000031E1,3.179999924E1,-5.952000046E1
2.868615771E2,2.184000015E1,3.209999847E1,-6.011999893E1
2.871126147E2,2.184000015E1,3.245999908E1,-5.957999802E1
2.873637439E2,2.219999886E1,3.150000000E1,-5.891999817E1
2.876151171E2,2.118000031E1,3.185999870E1,-5.915999985E1
2.878661547E2,2.195999908E1,3.239999771E1,-5.963999939E1
2.881174365E2,2.177999878E1,3.227999878E1,-6.029999924E1
2.883685961E2,2.177999878E1,3.245999908E1,-5.957999802E1
2.886196643E2,2.135999870E1,3.185999870E1,-5.975999832E1
2.888708544E2,2.177999878E1,3.192000008E1,-5.963999939E1
2.891218920E2,2.129999924E1,3.270000076E1,-6.047999954E1
2.893728076E2,2.135999870E1,3.192000008E1,-5.987999725E1
2.896240283E2,2.142000008E1,3.161999893E1,-6.000000000E1
2.898750964E2,2.135999870E1,3.263999939E1,-5.952000046E1
2.901263476E2,2.093999863E1,3.150000000E1,-5.861999893E1
2.903773852E2,2.123999977E1,3.234000015E1,-6.035999680E1
2.906284822E2,2.250000000E1,3.234000015E1,-6.005999756E1
2.908796724E2,2.142000008E1,3.167999840E1,-6.018000031E1
2.911308015E2,2.034000015E1,3.204000092E1,-6.023999786E1
2.913820833E2,2.135999870E1,3.215999985E1,-5.981999969E1
2.916333650E2,2.135999870E1,3.137999916E1,-5.945999908E1
2.918842805E2,2.147999954E1,3.257999802E1,-5.975999832E1
2.921353486E2,2.195999908E1,3.161999893E1,-6.005999756E1
2.923864473E2,2.118000031E1,3.215999985E1,-5.921999741E1
2.926375154E2,2.118000031E1,3.126000023E1,-5.915999985E1
2.928889192E2,2.160000038E1,3.173999977E1,-5.879999924E1
2.931399873E2,2.189999962E1,3.179999924E1,-6.000000000E1
2.933909639E2,2.171999931E1,3.185999870E1,-6.011999893E1
2.936420625E2,2.231999969E1,3.179999924E1,-5.868000031E1
2.938931611E2,2.160000038E1,3.192000008E1,-5.952000046E1
2.941441682E2,2.202000046E1,3.137999916E1,-6.023999786E1
2.943954194E2,2.118000031E1,3.173999977E1,-5.963999939E1
2.946467012E2,2.184000015E1,3.227999878E1,-6.005999756E1
2.948977083E2,2.147999954E1,3.113999939E1,-5.981999969E1
2.951488984E2,2.207999992E1,3.215999985E1,-5.934000015E1
2.954000886E2,2.171999931E1,3.155999947E1,-5.963999939E1
2.956510042E2,2.160000038E1,3.185999870E1,-5.957999802E1
2.959020112E2,2.177999878E1,3.167999840E1,-6.023999786E1
2.961533845E2,2.195999908E1,3.161999893E1,-5.945999908E1
2.964045747E2,2.129999924E1,3.173999977E1,-5.921999741E1
2.966558870E2,2.202000046E1,3.239999771E1,-6.005999756E1
2.969070466E2,2.177999878E1,3.204000092E1,-5.975999832E1
2.971582063E2,2.171999931E1,3.173999977E1,-5.981999969E1
2.974093965E2,2.237999916E1,3.197999954E1,-5.987999725E1
2.976604951E2,2.160000038E1,3.150000000E1,-5.934000015E1
2.979117158E2,2.087999916E1,3.221999741E1,-5.975999832E1
2.981628755E2,2.142000008E1,3.234000015E1,-5.963999939E1
2.984139436E2,2.111999893E1,3.107999992E1,-6.023999786E1
2.986651948E2,2.184000015E1,3.227999878E1,-6.053999710E1
2.989161104E2,2.177999878E1,3.161999893E1,-6.018000031E1
2.991673005E2,2.118000031E1,3.239999771E1,-5.987999725E1
2.994184602E2,2.153999901E1,3.161999893E1,-5.909999847E1
2.996696504E2,2.160000038E1,3.234000015E1,-6.102000046E1
